Site,Date,Month,Species,Functional_Group,sci_name,fish,cots,cots_density_ha,fish_density_ha,Survey_ID
aow leuk,2025-02-28,2025-02-01,Angelfish,Invertivore,Pomacanthus spp.,0,1,5,0,aow leuk-28-Feb-25
aow leuk,2025-02-28,2025-02-01,Butterflyfish,Herbivore,Chaetodon spp.,68,1,5,340,aow leuk-28-Feb-25
aow leuk,2025-02-28,2025-02-01,Cleaner_Wrasse,Invertivore,Labroides dimidiatus,5,1,5,25,aow leuk-28-Feb-25
aow leuk,2025-02-28,2025-02-01,Emperorfish,Mesopredator,Lethrinus spp.,7,1,5,35,aow leuk-28-Feb-25
aow leuk,2025-02-28,2025-02-01,Parrotfish,Herbivore,Scarus spp.,32,1,5,160,aow leuk-28-Feb-25
aow leuk,2025-02-28,2025-02-01,Rabbitfish,Herbivore,Siganus spp.,62,1,5,310,aow leuk-28-Feb-25
aow leuk,2025-02-28,2025-02-01,Red_Breast,Invertivore,Cheilinus fasciatus,17,1,5,85,aow leuk-28-Feb-25
aow leuk,2025-02-28,2025-02-01,Slingjaw,Invertivore,Epibulus insidiator,4,1,5,20,aow leuk-28-Feb-25
aow leuk,2025-02-28,2025-02-01,Squirrel.Soldier,Invertivore,Holocentridae spp.,6,1,5,30,aow leuk-28-Feb-25
aow leuk,2025-02-28,2025-02-01,Sweetlips,Invertivore,Diagramma/Plectorhinchus spp.,1,1,5,5,aow leuk-28-Feb-25
aow leuk,2025-02-28,2025-02-01,Thicklip,Invertivore,Hemigymnus melapterus,8,1,5,40,aow leuk-28-Feb-25
aow leuk,2025-02-28,2025-02-01,Trevally,HTLP,Caranx spp.,6,1,5,30,aow leuk-28-Feb-25
aow leuk,2025-02-28,2025-02-01,Triggerfish,Invertivore,Balistidae spp.,1,1,5,5,aow leuk-28-Feb-25
aow leuk,2025-02-28,2025-02-01,lrg_Grouper,HTLP,Epinephelus spp.,12,1,5,60,aow leuk-28-Feb-25
aow leuk,2025-02-28,2025-02-01,lrg_Snapper,HTLP,Lutjanus spp.,0,1,5,0,aow leuk-28-Feb-25
aow leuk,2025-02-28,2025-02-01,sml_Grouper,Mesopredator,Cephalopholis/Epinephelus spp.,46,1,5,230,aow leuk-28-Feb-25
aow leuk,2025-03-05,2025-03-01,Angelfish,Invertivore,Pomacanthus spp.,1,3,15,5,aow leuk-05-Mar-25
aow leuk,2025-03-05,2025-03-01,Butterflyfish,Herbivore,Chaetodon spp.,61,3,15,305,aow leuk-05-Mar-25
aow leuk,2025-03-05,2025-03-01,Cleaner_Wrasse,Invertivore,Labroides dimidiatus,7,3,15,35,aow leuk-05-Mar-25
aow leuk,2025-03-05,2025-03-01,Emperorfish,Mesopredator,Lethrinus spp.,11,3,15,55,aow leuk-05-Mar-25
aow leuk,2025-03-05,2025-03-01,Parrotfish,Herbivore,Scarus spp.,22,3,15,110,aow leuk-05-Mar-25
aow leuk,2025-03-05,2025-03-01,Rabbitfish,Herbivore,Siganus spp.,47,3,15,235,aow leuk-05-Mar-25
aow leuk,2025-03-05,2025-03-01,Red_Breast,Invertivore,Cheilinus fasciatus,11,3,15,55,aow leuk-05-Mar-25
aow leuk,2025-03-05,2025-03-01,Slingjaw,Invertivore,Epibulus insidiator,8,3,15,40,aow leuk-05-Mar-25
aow leuk,2025-03-05,2025-03-01,Squirrel.Soldier,Invertivore,Holocentridae spp.,23,3,15,115,aow leuk-05-Mar-25
aow leuk,2025-03-05,2025-03-01,Sweetlips,Invertivore,Diagramma/Plectorhinchus spp.,1,3,15,5,aow leuk-05-Mar-25
aow leuk,2025-03-05,2025-03-01,Thicklip,Invertivore,Hemigymnus melapterus,7,3,15,35,aow leuk-05-Mar-25
aow leuk,2025-03-05,2025-03-01,Trevally,HTLP,Caranx spp.,3,3,15,15,aow leuk-05-Mar-25
aow leuk,2025-03-05,2025-03-01,Triggerfish,Invertivore,Balistidae spp.,2,3,15,10,aow leuk-05-Mar-25
aow leuk,2025-03-05,2025-03-01,lrg_Grouper,HTLP,Epinephelus spp.,12,3,15,60,aow leuk-05-Mar-25
aow leuk,2025-03-05,2025-03-01,lrg_Snapper,HTLP,Lutjanus spp.,0,3,15,0,aow leuk-05-Mar-25
aow leuk,2025-03-05,2025-03-01,sml_Grouper,Mesopredator,Cephalopholis/Epinephelus spp.,61,3,15,305,aow leuk-05-Mar-25
aow leuk,2025-03-13,2025-03-01,Angelfish,Invertivore,Pomacanthus spp.,4,3,15,20,aow leuk-13-Mar-25
aow leuk,2025-03-13,2025-03-01,Butterflyfish,Herbivore,Chaetodon spp.,60,3,15,300,aow leuk-13-Mar-25
aow leuk,2025-03-13,2025-03-01,Cleaner_Wrasse,Invertivore,Labroides dimidiatus,23,3,15,115,aow leuk-13-Mar-25
aow leuk,2025-03-13,2025-03-01,Emperorfish,Mesopredator,Lethrinus spp.,10,3,15,50,aow leuk-13-Mar-25
aow leuk,2025-03-13,2025-03-01,Parrotfish,Herbivore,Scarus spp.,27,3,15,135,aow leuk-13-Mar-25
aow leuk,2025-03-13,2025-03-01,Rabbitfish,Herbivore,Siganus spp.,62,3,15,310,aow leuk-13-Mar-25
aow leuk,2025-03-13,2025-03-01,Red_Breast,Invertivore,Cheilinus fasciatus,10,3,15,50,aow leuk-13-Mar-25
aow leuk,2025-03-13,2025-03-01,Slingjaw,Invertivore,Epibulus insidiator,10,3,15,50,aow leuk-13-Mar-25
aow leuk,2025-03-13,2025-03-01,Squirrel.Soldier,Invertivore,Holocentridae spp.,1,3,15,5,aow leuk-13-Mar-25
aow leuk,2025-03-13,2025-03-01,Sweetlips,Invertivore,Diagramma/Plectorhinchus spp.,1,3,15,5,aow leuk-13-Mar-25
aow leuk,2025-03-13,2025-03-01,Thicklip,Invertivore,Hemigymnus melapterus,8,3,15,40,aow leuk-13-Mar-25
aow leuk,2025-03-13,2025-03-01,Trevally,HTLP,Caranx spp.,5,3,15,25,aow leuk-13-Mar-25
aow leuk,2025-03-13,2025-03-01,Triggerfish,Invertivore,Balistidae spp.,0,3,15,0,aow leuk-13-Mar-25
aow leuk,2025-03-13,2025-03-01,lrg_Grouper,HTLP,Epinephelus spp.,2,3,15,10,aow leuk-13-Mar-25
aow leuk,2025-03-13,2025-03-01,lrg_Snapper,HTLP,Lutjanus spp.,0,3,15,0,aow leuk-13-Mar-25
aow leuk,2025-03-13,2025-03-01,sml_Grouper,Mesopredator,Cephalopholis/Epinephelus spp.,50,3,15,250,aow leuk-13-Mar-25
aow leuk,2025-04-16,2025-04-01,Angelfish,Invertivore,Pomacanthus spp.,2,4,20,10,aow leuk-16-Apr-25
aow leuk,2025-04-16,2025-04-01,Butterflyfish,Herbivore,Chaetodon spp.,54,4,20,270,aow leuk-16-Apr-25
aow leuk,2025-04-16,2025-04-01,Cleaner_Wrasse,Invertivore,Labroides dimidiatus,10,4,20,50,aow leuk-16-Apr-25
aow leuk,2025-04-16,2025-04-01,Emperorfish,Mesopredator,Lethrinus spp.,13,4,20,65,aow leuk-16-Apr-25
aow leuk,2025-04-16,2025-04-01,Parrotfish,Herbivore,Scarus spp.,42,4,20,210,aow leuk-16-Apr-25
aow leuk,2025-04-16,2025-04-01,Rabbitfish,Herbivore,Siganus spp.,88,4,20,440,aow leuk-16-Apr-25
aow leuk,2025-04-16,2025-04-01,Red_Breast,Invertivore,Cheilinus fasciatus,20,4,20,100,aow leuk-16-Apr-25
aow leuk,2025-04-16,2025-04-01,Slingjaw,Invertivore,Epibulus insidiator,3,4,20,15,aow leuk-16-Apr-25
aow leuk,2025-04-16,2025-04-01,Squirrel.Soldier,Invertivore,Holocentridae spp.,3,4,20,15,aow leuk-16-Apr-25
aow leuk,2025-04-16,2025-04-01,Sweetlips,Invertivore,Diagramma/Plectorhinchus spp.,1,4,20,5,aow leuk-16-Apr-25
aow leuk,2025-04-16,2025-04-01,Thicklip,Invertivore,Hemigymnus melapterus,6,4,20,30,aow leuk-16-Apr-25
aow leuk,2025-04-16,2025-04-01,Trevally,HTLP,Caranx spp.,0,4,20,0,aow leuk-16-Apr-25
aow leuk,2025-04-16,2025-04-01,Triggerfish,Invertivore,Balistidae spp.,1,4,20,5,aow leuk-16-Apr-25
aow leuk,2025-04-16,2025-04-01,lrg_Grouper,HTLP,Epinephelus spp.,10,4,20,50,aow leuk-16-Apr-25
aow leuk,2025-04-16,2025-04-01,lrg_Snapper,HTLP,Lutjanus spp.,0,4,20,0,aow leuk-16-Apr-25
aow leuk,2025-04-16,2025-04-01,sml_Grouper,Mesopredator,Cephalopholis/Epinephelus spp.,30,4,20,150,aow leuk-16-Apr-25
aow leuk,2025-04-21,2025-04-01,Angelfish,Invertivore,Pomacanthus spp.,1,4,20,5,aow leuk-21-Apr-25
aow leuk,2025-04-21,2025-04-01,Butterflyfish,Herbivore,Chaetodon spp.,44,4,20,220,aow leuk-21-Apr-25
aow leuk,2025-04-21,2025-04-01,Cleaner_Wrasse,Invertivore,Labroides dimidiatus,8,4,20,40,aow leuk-21-Apr-25
aow leuk,2025-04-21,2025-04-01,Emperorfish,Mesopredator,Lethrinus spp.,10,4,20,50,aow leuk-21-Apr-25
aow leuk,2025-04-21,2025-04-01,Parrotfish,Herbivore,Scarus spp.,84,4,20,420,aow leuk-21-Apr-25
aow leuk,2025-04-21,2025-04-01,Rabbitfish,Herbivore,Siganus spp.,77,4,20,385,aow leuk-21-Apr-25
aow leuk,2025-04-21,2025-04-01,Red_Breast,Invertivore,Cheilinus fasciatus,12,4,20,60,aow leuk-21-Apr-25
aow leuk,2025-04-21,2025-04-01,Slingjaw,Invertivore,Epibulus insidiator,7,4,20,35,aow leuk-21-Apr-25
aow leuk,2025-04-21,2025-04-01,Squirrel.Soldier,Invertivore,Holocentridae spp.,5,4,20,25,aow leuk-21-Apr-25
aow leuk,2025-04-21,2025-04-01,Sweetlips,Invertivore,Diagramma/Plectorhinchus spp.,2,4,20,10,aow leuk-21-Apr-25
aow leuk,2025-04-21,2025-04-01,Thicklip,Invertivore,Hemigymnus melapterus,14,4,20,70,aow leuk-21-Apr-25
aow leuk,2025-04-21,2025-04-01,Trevally,HTLP,Caranx spp.,1,4,20,5,aow leuk-21-Apr-25
aow leuk,2025-04-21,2025-04-01,Triggerfish,Invertivore,Balistidae spp.,2,4,20,10,aow leuk-21-Apr-25
aow leuk,2025-04-21,2025-04-01,lrg_Grouper,HTLP,Epinephelus spp.,12,4,20,60,aow leuk-21-Apr-25
aow leuk,2025-04-21,2025-04-01,lrg_Snapper,HTLP,Lutjanus spp.,1,4,20,5,aow leuk-21-Apr-25
aow leuk,2025-04-21,2025-04-01,sml_Grouper,Mesopredator,Cephalopholis/Epinephelus spp.,42,4,20,210,aow leuk-21-Apr-25
green rock,2020-07-01,2020-07-01,Angelfish,Invertivore,Pomacanthus spp.,6,12,60,30,green rock-01-Jul-20
green rock,2020-07-01,2020-07-01,Butterflyfish,Herbivore,Chaetodon spp.,78,12,60,390,green rock-01-Jul-20
green rock,2020-07-01,2020-07-01,Cleaner_Wrasse,Invertivore,Labroides dimidiatus,14,12,60,70,green rock-01-Jul-20
green rock,2020-07-01,2020-07-01,Emperorfish,Mesopredator,Lethrinus spp.,7,12,60,35,green rock-01-Jul-20
green rock,2020-07-01,2020-07-01,Parrotfish,Herbivore,Scarus spp.,92,12,60,460,green rock-01-Jul-20
green rock,2020-07-01,2020-07-01,Rabbitfish,Herbivore,Siganus spp.,39,12,60,195,green rock-01-Jul-20
green rock,2020-07-01,2020-07-01,Red_Breast,Invertivore,Cheilinus fasciatus,15,12,60,75,green rock-01-Jul-20
green rock,2020-07-01,2020-07-01,Slingjaw,Invertivore,Epibulus insidiator,6,12,60,30,green rock-01-Jul-20
green rock,2020-07-01,2020-07-01,Squirrel.Soldier,Invertivore,Holocentridae spp.,16,12,60,80,green rock-01-Jul-20
green rock,2020-07-01,2020-07-01,Sweetlips,Invertivore,Diagramma/Plectorhinchus spp.,2,12,60,10,green rock-01-Jul-20
green rock,2020-07-01,2020-07-01,Thicklip,Invertivore,Hemigymnus melapterus,11,12,60,55,green rock-01-Jul-20
green rock,2020-07-01,2020-07-01,Trevally,HTLP,Caranx spp.,3,12,60,15,green rock-01-Jul-20
green rock,2020-07-01,2020-07-01,Triggerfish,Invertivore,Balistidae spp.,3,12,60,15,green rock-01-Jul-20
green rock,2020-07-01,2020-07-01,lrg_Grouper,HTLP,Epinephelus spp.,5,12,60,25,green rock-01-Jul-20
green rock,2020-07-01,2020-07-01,lrg_Snapper,HTLP,Lutjanus spp.,1,12,60,5,green rock-01-Jul-20
green rock,2020-07-01,2020-07-01,sml_Grouper,Mesopredator,Cephalopholis/Epinephelus spp.,38,12,60,190,green rock-01-Jul-20
green rock,2020-08-01,2020-08-01,Angelfish,Invertivore,Pomacanthus spp.,7,9,45,35,green rock-01-Aug-20
green rock,2020-08-01,2020-08-01,Butterflyfish,Herbivore,Chaetodon spp.,107,9,45,535,green rock-01-Aug-20
green rock,2020-08-01,2020-08-01,Cleaner_Wrasse,Invertivore,Labroides dimidiatus,15,9,45,75,green rock-01-Aug-20
green rock,2020-08-01,2020-08-01,Emperorfish,Mesopredator,Lethrinus spp.,8,9,45,40,green rock-01-Aug-20
green rock,2020-08-01,2020-08-01,Parrotfish,Herbivore,Scarus spp.,107,9,45,535,green rock-01-Aug-20
green rock,2020-08-01,2020-08-01,Rabbitfish,Herbivore,Siganus spp.,34,9,45,170,green rock-01-Aug-20
green rock,2020-08-01,2020-08-01,Red_Breast,Invertivore,Cheilinus fasciatus,30,9,45,150,green rock-01-Aug-20
green rock,2020-08-01,2020-08-01,Slingjaw,Invertivore,Epibulus insidiator,11,9,45,55,green rock-01-Aug-20
green rock,2020-08-01,2020-08-01,Squirrel.Soldier,Invertivore,Holocentridae spp.,12,9,45,60,green rock-01-Aug-20
green rock,2020-08-01,2020-08-01,Sweetlips,Invertivore,Diagramma/Plectorhinchus spp.,2,9,45,10,green rock-01-Aug-20
green rock,2020-08-01,2020-08-01,Thicklip,Invertivore,Hemigymnus melapterus,20,9,45,100,green rock-01-Aug-20
green rock,2020-08-01,2020-08-01,Trevally,HTLP,Caranx spp.,2,9,45,10,green rock-01-Aug-20
green rock,2020-08-01,2020-08-01,Triggerfish,Invertivore,Balistidae spp.,2,9,45,10,green rock-01-Aug-20
green rock,2020-08-01,2020-08-01,lrg_Grouper,HTLP,Epinephelus spp.,4,9,45,20,green rock-01-Aug-20
green rock,2020-08-01,2020-08-01,lrg_Snapper,HTLP,Lutjanus spp.,2,9,45,10,green rock-01-Aug-20
green rock,2020-08-01,2020-08-01,sml_Grouper,Mesopredator,Cephalopholis/Epinephelus spp.,64,9,45,320,green rock-01-Aug-20
green rock,2020-09-01,2020-09-01,Angelfish,Invertivore,Pomacanthus spp.,2,9,45,10,green rock-01-Sep-20
green rock,2020-09-01,2020-09-01,Butterflyfish,Herbivore,Chaetodon spp.,86,9,45,430,green rock-01-Sep-20
green rock,2020-09-01,2020-09-01,Cleaner_Wrasse,Invertivore,Labroides dimidiatus,12,9,45,60,green rock-01-Sep-20
green rock,2020-09-01,2020-09-01,Emperorfish,Mesopredator,Lethrinus spp.,5,9,45,25,green rock-01-Sep-20
green rock,2020-09-01,2020-09-01,Parrotfish,Herbivore,Scarus spp.,84,9,45,420,green rock-01-Sep-20
green rock,2020-09-01,2020-09-01,Rabbitfish,Herbivore,Siganus spp.,21,9,45,105,green rock-01-Sep-20
green rock,2020-09-01,2020-09-01,Red_Breast,Invertivore,Cheilinus fasciatus,19,9,45,95,green rock-01-Sep-20
green rock,2020-09-01,2020-09-01,Slingjaw,Invertivore,Epibulus insidiator,5,9,45,25,green rock-01-Sep-20
green rock,2020-09-01,2020-09-01,Squirrel.Soldier,Invertivore,Holocentridae spp.,26,9,45,130,green rock-01-Sep-20
green rock,2020-09-01,2020-09-01,Sweetlips,Invertivore,Diagramma/Plectorhinchus spp.,1,9,45,5,green rock-01-Sep-20
green rock,2020-09-01,2020-09-01,Thicklip,Invertivore,Hemigymnus melapterus,12,9,45,60,green rock-01-Sep-20
green rock,2020-09-01,2020-09-01,Trevally,HTLP,Caranx spp.,5,9,45,25,green rock-01-Sep-20
green rock,2020-09-01,2020-09-01,Triggerfish,Invertivore,Balistidae spp.,1,9,45,5,green rock-01-Sep-20
green rock,2020-09-01,2020-09-01,lrg_Grouper,HTLP,Epinephelus spp.,4,9,45,20,green rock-01-Sep-20
green rock,2020-09-01,2020-09-01,lrg_Snapper,HTLP,Lutjanus spp.,0,9,45,0,green rock-01-Sep-20
green rock,2020-09-01,2020-09-01,sml_Grouper,Mesopredator,Cephalopholis/Epinephelus spp.,47,9,45,235,green rock-01-Sep-20
green rock,2022-10-01,2022-10-01,Angelfish,Invertivore,Pomacanthus spp.,2,10,50,10,green rock-01-Oct-22
green rock,2022-10-01,2022-10-01,Butterflyfish,Herbivore,Chaetodon spp.,69,10,50,345,green rock-01-Oct-22
green rock,2022-10-01,2022-10-01,Cleaner_Wrasse,Invertivore,Labroides dimidiatus,13,10,50,65,green rock-01-Oct-22
green rock,2022-10-01,2022-10-01,Emperorfish,Mesopredator,Lethrinus spp.,3,10,50,15,green rock-01-Oct-22
green rock,2022-10-01,2022-10-01,Parrotfish,Herbivore,Scarus spp.,75,10,50,375,green rock-01-Oct-22
green rock,2022-10-01,2022-10-01,Rabbitfish,Herbivore,Siganus spp.,67,10,50,335,green rock-01-Oct-22
green rock,2022-10-01,2022-10-01,Red_Breast,Invertivore,Cheilinus fasciatus,7,10,50,35,green rock-01-Oct-22
green rock,2022-10-01,2022-10-01,Slingjaw,Invertivore,Epibulus insidiator,3,10,50,15,green rock-01-Oct-22
green rock,2022-10-01,2022-10-01,Squirrel.Soldier,Invertivore,Holocentridae spp.,13,10,50,65,green rock-01-Oct-22
green rock,2022-10-01,2022-10-01,Sweetlips,Invertivore,Diagramma/Plectorhinchus spp.,0,10,50,0,green rock-01-Oct-22
green rock,2022-10-01,2022-10-01,Thicklip,Invertivore,Hemigymnus melapterus,6,10,50,30,green rock-01-Oct-22
green rock,2022-10-01,2022-10-01,Trevally,HTLP,Caranx spp.,2,10,50,10,green rock-01-Oct-22
green rock,2022-10-01,2022-10-01,Triggerfish,Invertivore,Balistidae spp.,1,10,50,5,green rock-01-Oct-22
green rock,2022-10-01,2022-10-01,lrg_Grouper,HTLP,Epinephelus spp.,1,10,50,5,green rock-01-Oct-22
green rock,2022-10-01,2022-10-01,lrg_Snapper,HTLP,Lutjanus spp.,1,10,50,5,green rock-01-Oct-22
green rock,2022-10-01,2022-10-01,sml_Grouper,Mesopredator,Cephalopholis/Epinephelus spp.,41,10,50,205,green rock-01-Oct-22
green rock,2023-10-01,2023-10-01,Angelfish,Invertivore,Pomacanthus spp.,3,5,25,15,green rock-01-Oct-23
green rock,2023-10-01,2023-10-01,Butterflyfish,Herbivore,Chaetodon spp.,71,5,25,355,green rock-01-Oct-23
green rock,2023-10-01,2023-10-01,Cleaner_Wrasse,Invertivore,Labroides dimidiatus,32,5,25,160,green rock-01-Oct-23
green rock,2023-10-01,2023-10-01,Emperorfish,Mesopredator,Lethrinus spp.,7,5,25,35,green rock-01-Oct-23
green rock,2023-10-01,2023-10-01,Parrotfish,Herbivore,Scarus spp.,101,5,25,505,green rock-01-Oct-23
green rock,2023-10-01,2023-10-01,Rabbitfish,Herbivore,Siganus spp.,29,5,25,145,green rock-01-Oct-23
green rock,2023-10-01,2023-10-01,Red_Breast,Invertivore,Cheilinus fasciatus,15,5,25,75,green rock-01-Oct-23
green rock,2023-10-01,2023-10-01,Slingjaw,Invertivore,Epibulus insidiator,8,5,25,40,green rock-01-Oct-23
green rock,2023-10-01,2023-10-01,Squirrel.Soldier,Invertivore,Holocentridae spp.,3,5,25,15,green rock-01-Oct-23
green rock,2023-10-01,2023-10-01,Sweetlips,Invertivore,Diagramma/Plectorhinchus spp.,0,5,25,0,green rock-01-Oct-23
green rock,2023-10-01,2023-10-01,Thicklip,Invertivore,Hemigymnus melapterus,11,5,25,55,green rock-01-Oct-23
green rock,2023-10-01,2023-10-01,Trevally,HTLP,Caranx spp.,9,5,25,45,green rock-01-Oct-23
green rock,2023-10-01,2023-10-01,Triggerfish,Invertivore,Balistidae spp.,10,5,25,50,green rock-01-Oct-23
green rock,2023-10-01,2023-10-01,lrg_Grouper,HTLP,Epinephelus spp.,7,5,25,35,green rock-01-Oct-23
green rock,2023-10-01,2023-10-01,lrg_Snapper,HTLP,Lutjanus spp.,0,5,25,0,green rock-01-Oct-23
green rock,2023-10-01,2023-10-01,sml_Grouper,Mesopredator,Cephalopholis/Epinephelus spp.,39,5,25,195,green rock-01-Oct-23
green rock,2024-02-01,2024-02-01,Angelfish,Invertivore,Pomacanthus spp.,10,7,35,50,green rock-01-Feb-24
green rock,2024-02-01,2024-02-01,Butterflyfish,Herbivore,Chaetodon spp.,45,7,35,225,green rock-01-Feb-24
green rock,2024-02-01,2024-02-01,Cleaner_Wrasse,Invertivore,Labroides dimidiatus,8,7,35,40,green rock-01-Feb-24
green rock,2024-02-01,2024-02-01,Emperorfish,Mesopredator,Lethrinus spp.,9,7,35,45,green rock-01-Feb-24
green rock,2024-02-01,2024-02-01,Parrotfish,Herbivore,Scarus spp.,124,7,35,620,green rock-01-Feb-24
green rock,2024-02-01,2024-02-01,Rabbitfish,Herbivore,Siganus spp.,44,7,35,220,green rock-01-Feb-24
green rock,2024-02-01,2024-02-01,Red_Breast,Invertivore,Cheilinus fasciatus,7,7,35,35,green rock-01-Feb-24
green rock,2024-02-01,2024-02-01,Slingjaw,Invertivore,Epibulus insidiator,6,7,35,30,green rock-01-Feb-24
green rock,2024-02-01,2024-02-01,Squirrel.Soldier,Invertivore,Holocentridae spp.,8,7,35,40,green rock-01-Feb-24
green rock,2024-02-01,2024-02-01,Sweetlips,Invertivore,Diagramma/Plectorhinchus spp.,0,7,35,0,green rock-01-Feb-24
green rock,2024-02-01,2024-02-01,Thicklip,Invertivore,Hemigymnus melapterus,8,7,35,40,green rock-01-Feb-24
green rock,2024-02-01,2024-02-01,Trevally,HTLP,Caranx spp.,3,7,35,15,green rock-01-Feb-24
green rock,2024-02-01,2024-02-01,Triggerfish,Invertivore,Balistidae spp.,6,7,35,30,green rock-01-Feb-24
green rock,2024-02-01,2024-02-01,lrg_Grouper,HTLP,Epinephelus spp.,7,7,35,35,green rock-01-Feb-24
green rock,2024-02-01,2024-02-01,lrg_Snapper,HTLP,Lutjanus spp.,1,7,35,5,green rock-01-Feb-24
green rock,2024-02-01,2024-02-01,sml_Grouper,Mesopredator,Cephalopholis/Epinephelus spp.,33,7,35,165,green rock-01-Feb-24
green rock,2024-03-19,2024-03-01,Angelfish,Invertivore,Pomacanthus spp.,6,5,25,30,green rock-19-Mar-24
green rock,2024-03-19,2024-03-01,Butterflyfish,Herbivore,Chaetodon spp.,78,5,25,390,green rock-19-Mar-24
green rock,2024-03-19,2024-03-01,Cleaner_Wrasse,Invertivore,Labroides dimidiatus,18,5,25,90,green rock-19-Mar-24
green rock,2024-03-19,2024-03-01,Emperorfish,Mesopredator,Lethrinus spp.,2,5,25,10,green rock-19-Mar-24
green rock,2024-03-19,2024-03-01,Parrotfish,Herbivore,Scarus spp.,91,5,25,455,green rock-19-Mar-24
green rock,2024-03-19,2024-03-01,Rabbitfish,Herbivore,Siganus spp.,27,5,25,135,green rock-19-Mar-24
green rock,2024-03-19,2024-03-01,Red_Breast,Invertivore,Cheilinus fasciatus,13,5,25,65,green rock-19-Mar-24
green rock,2024-03-19,2024-03-01,Slingjaw,Invertivore,Epibulus insidiator,5,5,25,25,green rock-19-Mar-24
green rock,2024-03-19,2024-03-01,Squirrel.Soldier,Invertivore,Holocentridae spp.,0,5,25,0,green rock-19-Mar-24
green rock,2024-03-19,2024-03-01,Sweetlips,Invertivore,Diagramma/Plectorhinchus spp.,0,5,25,0,green rock-19-Mar-24
green rock,2024-03-19,2024-03-01,Thicklip,Invertivore,Hemigymnus melapterus,6,5,25,30,green rock-19-Mar-24
green rock,2024-03-19,2024-03-01,Trevally,HTLP,Caranx spp.,3,5,25,15,green rock-19-Mar-24
green rock,2024-03-19,2024-03-01,Triggerfish,Invertivore,Balistidae spp.,4,5,25,20,green rock-19-Mar-24
green rock,2024-03-19,2024-03-01,lrg_Grouper,HTLP,Epinephelus spp.,3,5,25,15,green rock-19-Mar-24
green rock,2024-03-19,2024-03-01,lrg_Snapper,HTLP,Lutjanus spp.,1,5,25,5,green rock-19-Mar-24
green rock,2024-03-19,2024-03-01,sml_Grouper,Mesopredator,Cephalopholis/Epinephelus spp.,18,5,25,90,green rock-19-Mar-24
green rock,2024-04-24,2024-04-01,Angelfish,Invertivore,Pomacanthus spp.,2,8,40,10,green rock-24-Apr-24
green rock,2024-04-24,2024-04-01,Butterflyfish,Herbivore,Chaetodon spp.,31,8,40,155,green rock-24-Apr-24
green rock,2024-04-24,2024-04-01,Cleaner_Wrasse,Invertivore,Labroides dimidiatus,14,8,40,70,green rock-24-Apr-24
green rock,2024-04-24,2024-04-01,Emperorfish,Mesopredator,Lethrinus spp.,0,8,40,0,green rock-24-Apr-24
green rock,2024-04-24,2024-04-01,Parrotfish,Herbivore,Scarus spp.,25,8,40,125,green rock-24-Apr-24
green rock,2024-04-24,2024-04-01,Rabbitfish,Herbivore,Siganus spp.,59,8,40,295,green rock-24-Apr-24
green rock,2024-04-24,2024-04-01,Red_Breast,Invertivore,Cheilinus fasciatus,4,8,40,20,green rock-24-Apr-24
green rock,2024-04-24,2024-04-01,Slingjaw,Invertivore,Epibulus insidiator,2,8,40,10,green rock-24-Apr-24
green rock,2024-04-24,2024-04-01,Squirrel.Soldier,Invertivore,Holocentridae spp.,0,8,40,0,green rock-24-Apr-24
green rock,2024-04-24,2024-04-01,Sweetlips,Invertivore,Diagramma/Plectorhinchus spp.,0,8,40,0,green rock-24-Apr-24
green rock,2024-04-24,2024-04-01,Thicklip,Invertivore,Hemigymnus melapterus,4,8,40,20,green rock-24-Apr-24
green rock,2024-04-24,2024-04-01,Trevally,HTLP,Caranx spp.,1,8,40,5,green rock-24-Apr-24
green rock,2024-04-24,2024-04-01,Triggerfish,Invertivore,Balistidae spp.,1,8,40,5,green rock-24-Apr-24
green rock,2024-04-24,2024-04-01,lrg_Grouper,HTLP,Epinephelus spp.,1,8,40,5,green rock-24-Apr-24
green rock,2024-04-24,2024-04-01,lrg_Snapper,HTLP,Lutjanus spp.,0,8,40,0,green rock-24-Apr-24
green rock,2024-04-24,2024-04-01,sml_Grouper,Mesopredator,Cephalopholis/Epinephelus spp.,29,8,40,145,green rock-24-Apr-24
green rock,2024-06-24,2024-06-01,Angelfish,Invertivore,Pomacanthus spp.,2,8,40,10,green rock-24-Jun-24
green rock,2024-06-24,2024-06-01,Butterflyfish,Herbivore,Chaetodon spp.,38,8,40,190,green rock-24-Jun-24
green rock,2024-06-24,2024-06-01,Cleaner_Wrasse,Invertivore,Labroides dimidiatus,32,8,40,160,green rock-24-Jun-24
green rock,2024-06-24,2024-06-01,Emperorfish,Mesopredator,Lethrinus spp.,3,8,40,15,green rock-24-Jun-24
green rock,2024-06-24,2024-06-01,Parrotfish,Herbivore,Scarus spp.,99,8,40,495,green rock-24-Jun-24
green rock,2024-06-24,2024-06-01,Rabbitfish,Herbivore,Siganus spp.,16,8,40,80,green rock-24-Jun-24
green rock,2024-06-24,2024-06-01,Red_Breast,Invertivore,Cheilinus fasciatus,20,8,40,100,green rock-24-Jun-24
green rock,2024-06-24,2024-06-01,Slingjaw,Invertivore,Epibulus insidiator,1,8,40,5,green rock-24-Jun-24
green rock,2024-06-24,2024-06-01,Squirrel.Soldier,Invertivore,Holocentridae spp.,1,8,40,5,green rock-24-Jun-24
green rock,2024-06-24,2024-06-01,Sweetlips,Invertivore,Diagramma/Plectorhinchus spp.,1,8,40,5,green rock-24-Jun-24
green rock,2024-06-24,2024-06-01,Thicklip,Invertivore,Hemigymnus melapterus,6,8,40,30,green rock-24-Jun-24
green rock,2024-06-24,2024-06-01,Trevally,HTLP,Caranx spp.,2,8,40,10,green rock-24-Jun-24
green rock,2024-06-24,2024-06-01,Triggerfish,Invertivore,Balistidae spp.,2,8,40,10,green rock-24-Jun-24
green rock,2024-06-24,2024-06-01,lrg_Grouper,HTLP,Epinephelus spp.,3,8,40,15,green rock-24-Jun-24
green rock,2024-06-24,2024-06-01,lrg_Snapper,HTLP,Lutjanus spp.,1,8,40,5,green rock-24-Jun-24
green rock,2024-06-24,2024-06-01,sml_Grouper,Mesopredator,Cephalopholis/Epinephelus spp.,44,8,40,220,green rock-24-Jun-24
green rock,2024-08-24,2024-08-01,Angelfish,Invertivore,Pomacanthus spp.,0,10,50,0,green rock-24-Aug-24
green rock,2024-08-24,2024-08-01,Butterflyfish,Herbivore,Chaetodon spp.,37,10,50,185,green rock-24-Aug-24
green rock,2024-08-24,2024-08-01,Cleaner_Wrasse,Invertivore,Labroides dimidiatus,9,10,50,45,green rock-24-Aug-24
green rock,2024-08-24,2024-08-01,Emperorfish,Mesopredator,Lethrinus spp.,1,10,50,5,green rock-24-Aug-24
green rock,2024-08-24,2024-08-01,Parrotfish,Herbivore,Scarus spp.,54,10,50,270,green rock-24-Aug-24
green rock,2024-08-24,2024-08-01,Rabbitfish,Herbivore,Siganus spp.,30,10,50,150,green rock-24-Aug-24
green rock,2024-08-24,2024-08-01,Red_Breast,Invertivore,Cheilinus fasciatus,9,10,50,45,green rock-24-Aug-24
green rock,2024-08-24,2024-08-01,Slingjaw,Invertivore,Epibulus insidiator,1,10,50,5,green rock-24-Aug-24
green rock,2024-08-24,2024-08-01,Squirrel.Soldier,Invertivore,Holocentridae spp.,1,10,50,5,green rock-24-Aug-24
green rock,2024-08-24,2024-08-01,Sweetlips,Invertivore,Diagramma/Plectorhinchus spp.,0,10,50,0,green rock-24-Aug-24
green rock,2024-08-24,2024-08-01,Thicklip,Invertivore,Hemigymnus melapterus,5,10,50,25,green rock-24-Aug-24
green rock,2024-08-24,2024-08-01,Trevally,HTLP,Caranx spp.,3,10,50,15,green rock-24-Aug-24
green rock,2024-08-24,2024-08-01,Triggerfish,Invertivore,Balistidae spp.,2,10,50,10,green rock-24-Aug-24
green rock,2024-08-24,2024-08-01,lrg_Grouper,HTLP,Epinephelus spp.,3,10,50,15,green rock-24-Aug-24
green rock,2024-08-24,2024-08-01,lrg_Snapper,HTLP,Lutjanus spp.,0,10,50,0,green rock-24-Aug-24
green rock,2024-08-24,2024-08-01,sml_Grouper,Mesopredator,Cephalopholis/Epinephelus spp.,29,10,50,145,green rock-24-Aug-24
green rock,2024-10-24,2024-10-01,Angelfish,Invertivore,Pomacanthus spp.,2,8,40,10,green rock-24-Oct-24
green rock,2024-10-24,2024-10-01,Butterflyfish,Herbivore,Chaetodon spp.,53,8,40,265,green rock-24-Oct-24
green rock,2024-10-24,2024-10-01,Cleaner_Wrasse,Invertivore,Labroides dimidiatus,14,8,40,70,green rock-24-Oct-24
green rock,2024-10-24,2024-10-01,Emperorfish,Mesopredator,Lethrinus spp.,2,8,40,10,green rock-24-Oct-24
green rock,2024-10-24,2024-10-01,Parrotfish,Herbivore,Scarus spp.,79,8,40,395,green rock-24-Oct-24
green rock,2024-10-24,2024-10-01,Rabbitfish,Herbivore,Siganus spp.,27,8,40,135,green rock-24-Oct-24
green rock,2024-10-24,2024-10-01,Red_Breast,Invertivore,Cheilinus fasciatus,11,8,40,55,green rock-24-Oct-24
green rock,2024-10-24,2024-10-01,Slingjaw,Invertivore,Epibulus insidiator,4,8,40,20,green rock-24-Oct-24
green rock,2024-10-24,2024-10-01,Squirrel.Soldier,Invertivore,Holocentridae spp.,2,8,40,10,green rock-24-Oct-24
green rock,2024-10-24,2024-10-01,Sweetlips,Invertivore,Diagramma/Plectorhinchus spp.,1,8,40,5,green rock-24-Oct-24
green rock,2024-10-24,2024-10-01,Thicklip,Invertivore,Hemigymnus melapterus,6,8,40,30,green rock-24-Oct-24
green rock,2024-10-24,2024-10-01,Trevally,HTLP,Caranx spp.,2,8,40,10,green rock-24-Oct-24
green rock,2024-10-24,2024-10-01,Triggerfish,Invertivore,Balistidae spp.,2,8,40,10,green rock-24-Oct-24
green rock,2024-10-24,2024-10-01,lrg_Grouper,HTLP,Epinephelus spp.,4,8,40,20,green rock-24-Oct-24
green rock,2024-10-24,2024-10-01,lrg_Snapper,HTLP,Lutjanus spp.,2,8,40,10,green rock-24-Oct-24
green rock,2024-10-24,2024-10-01,sml_Grouper,Mesopredator,Cephalopholis/Epinephelus spp.,43,8,40,215,green rock-24-Oct-24
green rock,2025-01-29,2025-01-01,Angelfish,Invertivore,Pomacanthus spp.,3,9,45,15,green rock-29-Jan-25
green rock,2025-01-29,2025-01-01,Butterflyfish,Herbivore,Chaetodon spp.,47,9,45,235,green rock-29-Jan-25
green rock,2025-01-29,2025-01-01,Cleaner_Wrasse,Invertivore,Labroides dimidiatus,15,9,45,75,green rock-29-Jan-25
green rock,2025-01-29,2025-01-01,Emperorfish,Mesopredator,Lethrinus spp.,3,9,45,15,green rock-29-Jan-25
green rock,2025-01-29,2025-01-01,Parrotfish,Herbivore,Scarus spp.,78,9,45,390,green rock-29-Jan-25
green rock,2025-01-29,2025-01-01,Rabbitfish,Herbivore,Siganus spp.,67,9,45,335,green rock-29-Jan-25
green rock,2025-01-29,2025-01-01,Red_Breast,Invertivore,Cheilinus fasciatus,8,9,45,40,green rock-29-Jan-25
green rock,2025-01-29,2025-01-01,Slingjaw,Invertivore,Epibulus insidiator,2,9,45,10,green rock-29-Jan-25
green rock,2025-01-29,2025-01-01,Squirrel.Soldier,Invertivore,Holocentridae spp.,2,9,45,10,green rock-29-Jan-25
green rock,2025-01-29,2025-01-01,Sweetlips,Invertivore,Diagramma/Plectorhinchus spp.,0,9,45,0,green rock-29-Jan-25
green rock,2025-01-29,2025-01-01,Thicklip,Invertivore,Hemigymnus melapterus,6,9,45,30,green rock-29-Jan-25
green rock,2025-01-29,2025-01-01,Trevally,HTLP,Caranx spp.,1,9,45,5,green rock-29-Jan-25
green rock,2025-01-29,2025-01-01,Triggerfish,Invertivore,Balistidae spp.,1,9,45,5,green rock-29-Jan-25
green rock,2025-01-29,2025-01-01,lrg_Grouper,HTLP,Epinephelus spp.,4,9,45,20,green rock-29-Jan-25
green rock,2025-01-29,2025-01-01,lrg_Snapper,HTLP,Lutjanus spp.,0,9,45,0,green rock-29-Jan-25
green rock,2025-01-29,2025-01-01,sml_Grouper,Mesopredator,Cephalopholis/Epinephelus spp.,42,9,45,210,green rock-29-Jan-25
green rock,2025-02-19,2025-02-01,Angelfish,Invertivore,Pomacanthus spp.,1,4,20,5,green rock-19-Feb-25
green rock,2025-02-19,2025-02-01,Butterflyfish,Herbivore,Chaetodon spp.,41,4,20,205,green rock-19-Feb-25
green rock,2025-02-19,2025-02-01,Cleaner_Wrasse,Invertivore,Labroides dimidiatus,15,4,20,75,green rock-19-Feb-25
green rock,2025-02-19,2025-02-01,Emperorfish,Mesopredator,Lethrinus spp.,4,4,20,20,green rock-19-Feb-25
green rock,2025-02-19,2025-02-01,Parrotfish,Herbivore,Scarus spp.,136,4,20,680,green rock-19-Feb-25
green rock,2025-02-19,2025-02-01,Rabbitfish,Herbivore,Siganus spp.,65,4,20,325,green rock-19-Feb-25
green rock,2025-02-19,2025-02-01,Red_Breast,Invertivore,Cheilinus fasciatus,13,4,20,65,green rock-19-Feb-25
green rock,2025-02-19,2025-02-01,Slingjaw,Invertivore,Epibulus insidiator,4,4,20,20,green rock-19-Feb-25
green rock,2025-02-19,2025-02-01,Squirrel.Soldier,Invertivore,Holocentridae spp.,0,4,20,0,green rock-19-Feb-25
green rock,2025-02-19,2025-02-01,Sweetlips,Invertivore,Diagramma/Plectorhinchus spp.,0,4,20,0,green rock-19-Feb-25
green rock,2025-02-19,2025-02-01,Thicklip,Invertivore,Hemigymnus melapterus,7,4,20,35,green rock-19-Feb-25
green rock,2025-02-19,2025-02-01,Trevally,HTLP,Caranx spp.,4,4,20,20,green rock-19-Feb-25
green rock,2025-02-19,2025-02-01,Triggerfish,Invertivore,Balistidae spp.,4,4,20,20,green rock-19-Feb-25
green rock,2025-02-19,2025-02-01,lrg_Grouper,HTLP,Epinephelus spp.,1,4,20,5,green rock-19-Feb-25
green rock,2025-02-19,2025-02-01,lrg_Snapper,HTLP,Lutjanus spp.,1,4,20,5,green rock-19-Feb-25
green rock,2025-02-19,2025-02-01,sml_Grouper,Mesopredator,Cephalopholis/Epinephelus spp.,67,4,20,335,green rock-19-Feb-25
green rock,2025-03-24,2025-03-01,Angelfish,Invertivore,Pomacanthus spp.,5,7,35,25,green rock-24-Mar-25
green rock,2025-03-24,2025-03-01,Butterflyfish,Herbivore,Chaetodon spp.,65,7,35,325,green rock-24-Mar-25
green rock,2025-03-24,2025-03-01,Cleaner_Wrasse,Invertivore,Labroides dimidiatus,15,7,35,75,green rock-24-Mar-25
green rock,2025-03-24,2025-03-01,Emperorfish,Mesopredator,Lethrinus spp.,2,7,35,10,green rock-24-Mar-25
green rock,2025-03-24,2025-03-01,Parrotfish,Herbivore,Scarus spp.,125,7,35,625,green rock-24-Mar-25
green rock,2025-03-24,2025-03-01,Rabbitfish,Herbivore,Siganus spp.,52,7,35,260,green rock-24-Mar-25
green rock,2025-03-24,2025-03-01,Red_Breast,Invertivore,Cheilinus fasciatus,19,7,35,95,green rock-24-Mar-25
green rock,2025-03-24,2025-03-01,Slingjaw,Invertivore,Epibulus insidiator,7,7,35,35,green rock-24-Mar-25
green rock,2025-03-24,2025-03-01,Squirrel.Soldier,Invertivore,Holocentridae spp.,4,7,35,20,green rock-24-Mar-25
green rock,2025-03-24,2025-03-01,Sweetlips,Invertivore,Diagramma/Plectorhinchus spp.,0,7,35,0,green rock-24-Mar-25
green rock,2025-03-24,2025-03-01,Thicklip,Invertivore,Hemigymnus melapterus,13,7,35,65,green rock-24-Mar-25
green rock,2025-03-24,2025-03-01,Trevally,HTLP,Caranx spp.,3,7,35,15,green rock-24-Mar-25
green rock,2025-03-24,2025-03-01,Triggerfish,Invertivore,Balistidae spp.,16,7,35,80,green rock-24-Mar-25
green rock,2025-03-24,2025-03-01,lrg_Grouper,HTLP,Epinephelus spp.,9,7,35,45,green rock-24-Mar-25
green rock,2025-03-24,2025-03-01,lrg_Snapper,HTLP,Lutjanus spp.,2,7,35,10,green rock-24-Mar-25
green rock,2025-03-24,2025-03-01,sml_Grouper,Mesopredator,Cephalopholis/Epinephelus spp.,34,7,35,170,green rock-24-Mar-25
green rock,2025-03-26,2025-03-01,Angelfish,Invertivore,Pomacanthus spp.,4,7,35,20,green rock-26-Mar-25
green rock,2025-03-26,2025-03-01,Butterflyfish,Herbivore,Chaetodon spp.,69,7,35,345,green rock-26-Mar-25
green rock,2025-03-26,2025-03-01,Cleaner_Wrasse,Invertivore,Labroides dimidiatus,4,7,35,20,green rock-26-Mar-25
green rock,2025-03-26,2025-03-01,Emperorfish,Mesopredator,Lethrinus spp.,3,7,35,15,green rock-26-Mar-25
green rock,2025-03-26,2025-03-01,Parrotfish,Herbivore,Scarus spp.,71,7,35,355,green rock-26-Mar-25
green rock,2025-03-26,2025-03-01,Rabbitfish,Herbivore,Siganus spp.,73,7,35,365,green rock-26-Mar-25
green rock,2025-03-26,2025-03-01,Red_Breast,Invertivore,Cheilinus fasciatus,6,7,35,30,green rock-26-Mar-25
green rock,2025-03-26,2025-03-01,Slingjaw,Invertivore,Epibulus insidiator,6,7,35,30,green rock-26-Mar-25
green rock,2025-03-26,2025-03-01,Squirrel.Soldier,Invertivore,Holocentridae spp.,5,7,35,25,green rock-26-Mar-25
green rock,2025-03-26,2025-03-01,Sweetlips,Invertivore,Diagramma/Plectorhinchus spp.,0,7,35,0,green rock-26-Mar-25
green rock,2025-03-26,2025-03-01,Thicklip,Invertivore,Hemigymnus melapterus,12,7,35,60,green rock-26-Mar-25
green rock,2025-03-26,2025-03-01,Trevally,HTLP,Caranx spp.,1,7,35,5,green rock-26-Mar-25
green rock,2025-03-26,2025-03-01,Triggerfish,Invertivore,Balistidae spp.,6,7,35,30,green rock-26-Mar-25
green rock,2025-03-26,2025-03-01,lrg_Grouper,HTLP,Epinephelus spp.,3,7,35,15,green rock-26-Mar-25
green rock,2025-03-26,2025-03-01,lrg_Snapper,HTLP,Lutjanus spp.,0,7,35,0,green rock-26-Mar-25
green rock,2025-03-26,2025-03-01,sml_Grouper,Mesopredator,Cephalopholis/Epinephelus spp.,26,7,35,130,green rock-26-Mar-25
green rock,2025-04-08,2025-04-01,Angelfish,Invertivore,Pomacanthus spp.,2,2,10,10,green rock-08-Apr-25
green rock,2025-04-08,2025-04-01,Butterflyfish,Herbivore,Chaetodon spp.,49,2,10,245,green rock-08-Apr-25
green rock,2025-04-08,2025-04-01,Cleaner_Wrasse,Invertivore,Labroides dimidiatus,12,2,10,60,green rock-08-Apr-25
green rock,2025-04-08,2025-04-01,Emperorfish,Mesopredator,Lethrinus spp.,1,2,10,5,green rock-08-Apr-25
green rock,2025-04-08,2025-04-01,Parrotfish,Herbivore,Scarus spp.,47,2,10,235,green rock-08-Apr-25
green rock,2025-04-08,2025-04-01,Rabbitfish,Herbivore,Siganus spp.,91,2,10,455,green rock-08-Apr-25
green rock,2025-04-08,2025-04-01,Red_Breast,Invertivore,Cheilinus fasciatus,11,2,10,55,green rock-08-Apr-25
green rock,2025-04-08,2025-04-01,Slingjaw,Invertivore,Epibulus insidiator,8,2,10,40,green rock-08-Apr-25
green rock,2025-04-08,2025-04-01,Squirrel.Soldier,Invertivore,Holocentridae spp.,1,2,10,5,green rock-08-Apr-25
green rock,2025-04-08,2025-04-01,Sweetlips,Invertivore,Diagramma/Plectorhinchus spp.,0,2,10,0,green rock-08-Apr-25
green rock,2025-04-08,2025-04-01,Thicklip,Invertivore,Hemigymnus melapterus,9,2,10,45,green rock-08-Apr-25
green rock,2025-04-08,2025-04-01,Trevally,HTLP,Caranx spp.,43,2,10,215,green rock-08-Apr-25
green rock,2025-04-08,2025-04-01,Triggerfish,Invertivore,Balistidae spp.,2,2,10,10,green rock-08-Apr-25
green rock,2025-04-08,2025-04-01,lrg_Grouper,HTLP,Epinephelus spp.,14,2,10,70,green rock-08-Apr-25
green rock,2025-04-08,2025-04-01,lrg_Snapper,HTLP,Lutjanus spp.,1,2,10,5,green rock-08-Apr-25
green rock,2025-04-08,2025-04-01,sml_Grouper,Mesopredator,Cephalopholis/Epinephelus spp.,28,2,10,140,green rock-08-Apr-25
green rock,2025-05-21,2025-05-01,Angelfish,Invertivore,Pomacanthus spp.,3,4,20,15,green rock-21-May-25
green rock,2025-05-21,2025-05-01,Butterflyfish,Herbivore,Chaetodon spp.,48,4,20,240,green rock-21-May-25
green rock,2025-05-21,2025-05-01,Cleaner_Wrasse,Invertivore,Labroides dimidiatus,14,4,20,70,green rock-21-May-25
green rock,2025-05-21,2025-05-01,Emperorfish,Mesopredator,Lethrinus spp.,5,4,20,25,green rock-21-May-25
green rock,2025-05-21,2025-05-01,Parrotfish,Herbivore,Scarus spp.,57,4,20,285,green rock-21-May-25
green rock,2025-05-21,2025-05-01,Rabbitfish,Herbivore,Siganus spp.,50,4,20,250,green rock-21-May-25
green rock,2025-05-21,2025-05-01,Red_Breast,Invertivore,Cheilinus fasciatus,23,4,20,115,green rock-21-May-25
green rock,2025-05-21,2025-05-01,Slingjaw,Invertivore,Epibulus insidiator,4,4,20,20,green rock-21-May-25
green rock,2025-05-21,2025-05-01,Squirrel.Soldier,Invertivore,Holocentridae spp.,5,4,20,25,green rock-21-May-25
green rock,2025-05-21,2025-05-01,Sweetlips,Invertivore,Diagramma/Plectorhinchus spp.,0,4,20,0,green rock-21-May-25
green rock,2025-05-21,2025-05-01,Thicklip,Invertivore,Hemigymnus melapterus,9,4,20,45,green rock-21-May-25
green rock,2025-05-21,2025-05-01,Trevally,HTLP,Caranx spp.,3,4,20,15,green rock-21-May-25
green rock,2025-05-21,2025-05-01,Triggerfish,Invertivore,Balistidae spp.,13,4,20,65,green rock-21-May-25
green rock,2025-05-21,2025-05-01,lrg_Grouper,HTLP,Epinephelus spp.,10,4,20,50,green rock-21-May-25
green rock,2025-05-21,2025-05-01,lrg_Snapper,HTLP,Lutjanus spp.,0,4,20,0,green rock-21-May-25
green rock,2025-05-21,2025-05-01,sml_Grouper,Mesopredator,Cephalopholis/Epinephelus spp.,23,4,20,115,green rock-21-May-25
red rock,2023-05-01,2023-05-01,Angelfish,Invertivore,Pomacanthus spp.,3,10,50,15,red rock-01-May-23
red rock,2023-05-01,2023-05-01,Butterflyfish,Herbivore,Chaetodon spp.,65,10,50,325,red rock-01-May-23
red rock,2023-05-01,2023-05-01,Cleaner_Wrasse,Invertivore,Labroides dimidiatus,9,10,50,45,red rock-01-May-23
red rock,2023-05-01,2023-05-01,Emperorfish,Mesopredator,Lethrinus spp.,14,10,50,70,red rock-01-May-23
red rock,2023-05-01,2023-05-01,Parrotfish,Herbivore,Scarus spp.,67,10,50,335,red rock-01-May-23
red rock,2023-05-01,2023-05-01,Rabbitfish,Herbivore,Siganus spp.,30,10,50,150,red rock-01-May-23
red rock,2023-05-01,2023-05-01,Red_Breast,Invertivore,Cheilinus fasciatus,14,10,50,70,red rock-01-May-23
red rock,2023-05-01,2023-05-01,Slingjaw,Invertivore,Epibulus insidiator,10,10,50,50,red rock-01-May-23
red rock,2023-05-01,2023-05-01,Squirrel.Soldier,Invertivore,Holocentridae spp.,9,10,50,45,red rock-01-May-23
red rock,2023-05-01,2023-05-01,Sweetlips,Invertivore,Diagramma/Plectorhinchus spp.,0,10,50,0,red rock-01-May-23
red rock,2023-05-01,2023-05-01,Thicklip,Invertivore,Hemigymnus melapterus,16,10,50,80,red rock-01-May-23
red rock,2023-05-01,2023-05-01,Trevally,HTLP,Caranx spp.,0,10,50,0,red rock-01-May-23
red rock,2023-05-01,2023-05-01,Triggerfish,Invertivore,Balistidae spp.,4,10,50,20,red rock-01-May-23
red rock,2023-05-01,2023-05-01,lrg_Grouper,HTLP,Epinephelus spp.,3,10,50,15,red rock-01-May-23
red rock,2023-05-01,2023-05-01,lrg_Snapper,HTLP,Lutjanus spp.,1,10,50,5,red rock-01-May-23
red rock,2023-05-01,2023-05-01,sml_Grouper,Mesopredator,Cephalopholis/Epinephelus spp.,65,10,50,325,red rock-01-May-23
red rock,2023-09-01,2023-09-01,Angelfish,Invertivore,Pomacanthus spp.,3,5,25,15,red rock-01-Sep-23
red rock,2023-09-01,2023-09-01,Butterflyfish,Herbivore,Chaetodon spp.,53,5,25,265,red rock-01-Sep-23
red rock,2023-09-01,2023-09-01,Cleaner_Wrasse,Invertivore,Labroides dimidiatus,7,5,25,35,red rock-01-Sep-23
red rock,2023-09-01,2023-09-01,Emperorfish,Mesopredator,Lethrinus spp.,2,5,25,10,red rock-01-Sep-23
red rock,2023-09-01,2023-09-01,Parrotfish,Herbivore,Scarus spp.,58,5,25,290,red rock-01-Sep-23
red rock,2023-09-01,2023-09-01,Rabbitfish,Herbivore,Siganus spp.,43,5,25,215,red rock-01-Sep-23
red rock,2023-09-01,2023-09-01,Red_Breast,Invertivore,Cheilinus fasciatus,11,5,25,55,red rock-01-Sep-23
red rock,2023-09-01,2023-09-01,Slingjaw,Invertivore,Epibulus insidiator,8,5,25,40,red rock-01-Sep-23
red rock,2023-09-01,2023-09-01,Squirrel.Soldier,Invertivore,Holocentridae spp.,5,5,25,25,red rock-01-Sep-23
red rock,2023-09-01,2023-09-01,Sweetlips,Invertivore,Diagramma/Plectorhinchus spp.,3,5,25,15,red rock-01-Sep-23
red rock,2023-09-01,2023-09-01,Thicklip,Invertivore,Hemigymnus melapterus,6,5,25,30,red rock-01-Sep-23
red rock,2023-09-01,2023-09-01,Trevally,HTLP,Caranx spp.,1,5,25,5,red rock-01-Sep-23
red rock,2023-09-01,2023-09-01,Triggerfish,Invertivore,Balistidae spp.,2,5,25,10,red rock-01-Sep-23
red rock,2023-09-01,2023-09-01,lrg_Grouper,HTLP,Epinephelus spp.,5,5,25,25,red rock-01-Sep-23
red rock,2023-09-01,2023-09-01,lrg_Snapper,HTLP,Lutjanus spp.,0,5,25,0,red rock-01-Sep-23
red rock,2023-09-01,2023-09-01,sml_Grouper,Mesopredator,Cephalopholis/Epinephelus spp.,43,5,25,215,red rock-01-Sep-23
red rock,2023-10-01,2023-10-01,Angelfish,Invertivore,Pomacanthus spp.,7,3,15,35,red rock-01-Oct-23
red rock,2023-10-01,2023-10-01,Butterflyfish,Herbivore,Chaetodon spp.,46,3,15,230,red rock-01-Oct-23
red rock,2023-10-01,2023-10-01,Cleaner_Wrasse,Invertivore,Labroides dimidiatus,18,3,15,90,red rock-01-Oct-23
red rock,2023-10-01,2023-10-01,Emperorfish,Mesopredator,Lethrinus spp.,4,3,15,20,red rock-01-Oct-23
red rock,2023-10-01,2023-10-01,Parrotfish,Herbivore,Scarus spp.,135,3,15,675,red rock-01-Oct-23
red rock,2023-10-01,2023-10-01,Rabbitfish,Herbivore,Siganus spp.,33,3,15,165,red rock-01-Oct-23
red rock,2023-10-01,2023-10-01,Red_Breast,Invertivore,Cheilinus fasciatus,14,3,15,70,red rock-01-Oct-23
red rock,2023-10-01,2023-10-01,Slingjaw,Invertivore,Epibulus insidiator,7,3,15,35,red rock-01-Oct-23
red rock,2023-10-01,2023-10-01,Squirrel.Soldier,Invertivore,Holocentridae spp.,1,3,15,5,red rock-01-Oct-23
red rock,2023-10-01,2023-10-01,Sweetlips,Invertivore,Diagramma/Plectorhinchus spp.,0,3,15,0,red rock-01-Oct-23
red rock,2023-10-01,2023-10-01,Thicklip,Invertivore,Hemigymnus melapterus,8,3,15,40,red rock-01-Oct-23
red rock,2023-10-01,2023-10-01,Trevally,HTLP,Caranx spp.,2,3,15,10,red rock-01-Oct-23
red rock,2023-10-01,2023-10-01,Triggerfish,Invertivore,Balistidae spp.,2,3,15,10,red rock-01-Oct-23
red rock,2023-10-01,2023-10-01,lrg_Grouper,HTLP,Epinephelus spp.,18,3,15,90,red rock-01-Oct-23
red rock,2023-10-01,2023-10-01,lrg_Snapper,HTLP,Lutjanus spp.,3,3,15,15,red rock-01-Oct-23
red rock,2023-10-01,2023-10-01,sml_Grouper,Mesopredator,Cephalopholis/Epinephelus spp.,40,3,15,200,red rock-01-Oct-23
red rock,2024-01-24,2024-01-01,Angelfish,Invertivore,Pomacanthus spp.,4,6,30,20,red rock-24-Jan-24
red rock,2024-01-24,2024-01-01,Butterflyfish,Herbivore,Chaetodon spp.,61,6,30,305,red rock-24-Jan-24
red rock,2024-01-24,2024-01-01,Cleaner_Wrasse,Invertivore,Labroides dimidiatus,12,6,30,60,red rock-24-Jan-24
red rock,2024-01-24,2024-01-01,Emperorfish,Mesopredator,Lethrinus spp.,3,6,30,15,red rock-24-Jan-24
red rock,2024-01-24,2024-01-01,Parrotfish,Herbivore,Scarus spp.,61,6,30,305,red rock-24-Jan-24
red rock,2024-01-24,2024-01-01,Rabbitfish,Herbivore,Siganus spp.,60,6,30,300,red rock-24-Jan-24
red rock,2024-01-24,2024-01-01,Red_Breast,Invertivore,Cheilinus fasciatus,10,6,30,50,red rock-24-Jan-24
red rock,2024-01-24,2024-01-01,Slingjaw,Invertivore,Epibulus insidiator,10,6,30,50,red rock-24-Jan-24
red rock,2024-01-24,2024-01-01,Squirrel.Soldier,Invertivore,Holocentridae spp.,13,6,30,65,red rock-24-Jan-24
red rock,2024-01-24,2024-01-01,Sweetlips,Invertivore,Diagramma/Plectorhinchus spp.,0,6,30,0,red rock-24-Jan-24
red rock,2024-01-24,2024-01-01,Thicklip,Invertivore,Hemigymnus melapterus,14,6,30,70,red rock-24-Jan-24
red rock,2024-01-24,2024-01-01,Trevally,HTLP,Caranx spp.,3,6,30,15,red rock-24-Jan-24
red rock,2024-01-24,2024-01-01,Triggerfish,Invertivore,Balistidae spp.,1,6,30,5,red rock-24-Jan-24
red rock,2024-01-24,2024-01-01,lrg_Grouper,HTLP,Epinephelus spp.,7,6,30,35,red rock-24-Jan-24
red rock,2024-01-24,2024-01-01,lrg_Snapper,HTLP,Lutjanus spp.,4,6,30,20,red rock-24-Jan-24
red rock,2024-01-24,2024-01-01,sml_Grouper,Mesopredator,Cephalopholis/Epinephelus spp.,76,6,30,380,red rock-24-Jan-24
red rock,2024-03-19,2024-03-01,Angelfish,Invertivore,Pomacanthus spp.,1,3,15,5,red rock-19-Mar-24
red rock,2024-03-19,2024-03-01,Butterflyfish,Herbivore,Chaetodon spp.,58,3,15,290,red rock-19-Mar-24
red rock,2024-03-19,2024-03-01,Cleaner_Wrasse,Invertivore,Labroides dimidiatus,11,3,15,55,red rock-19-Mar-24
red rock,2024-03-19,2024-03-01,Emperorfish,Mesopredator,Lethrinus spp.,4,3,15,20,red rock-19-Mar-24
red rock,2024-03-19,2024-03-01,Parrotfish,Herbivore,Scarus spp.,45,3,15,225,red rock-19-Mar-24
red rock,2024-03-19,2024-03-01,Rabbitfish,Herbivore,Siganus spp.,40,3,15,200,red rock-19-Mar-24
red rock,2024-03-19,2024-03-01,Red_Breast,Invertivore,Cheilinus fasciatus,10,3,15,50,red rock-19-Mar-24
red rock,2024-03-19,2024-03-01,Slingjaw,Invertivore,Epibulus insidiator,5,3,15,25,red rock-19-Mar-24
red rock,2024-03-19,2024-03-01,Squirrel.Soldier,Invertivore,Holocentridae spp.,10,3,15,50,red rock-19-Mar-24
red rock,2024-03-19,2024-03-01,Sweetlips,Invertivore,Diagramma/Plectorhinchus spp.,0,3,15,0,red rock-19-Mar-24
red rock,2024-03-19,2024-03-01,Thicklip,Invertivore,Hemigymnus melapterus,8,3,15,40,red rock-19-Mar-24
red rock,2024-03-19,2024-03-01,Trevally,HTLP,Caranx spp.,8,3,15,40,red rock-19-Mar-24
red rock,2024-03-19,2024-03-01,Triggerfish,Invertivore,Balistidae spp.,1,3,15,5,red rock-19-Mar-24
red rock,2024-03-19,2024-03-01,lrg_Grouper,HTLP,Epinephelus spp.,6,3,15,30,red rock-19-Mar-24
red rock,2024-03-19,2024-03-01,lrg_Snapper,HTLP,Lutjanus spp.,0,3,15,0,red rock-19-Mar-24
red rock,2024-03-19,2024-03-01,sml_Grouper,Mesopredator,Cephalopholis/Epinephelus spp.,57,3,15,285,red rock-19-Mar-24
red rock,2024-04-24,2024-04-01,Angelfish,Invertivore,Pomacanthus spp.,2,2,10,10,red rock-24-Apr-24
red rock,2024-04-24,2024-04-01,Butterflyfish,Herbivore,Chaetodon spp.,62,2,10,310,red rock-24-Apr-24
red rock,2024-04-24,2024-04-01,Cleaner_Wrasse,Invertivore,Labroides dimidiatus,8,2,10,40,red rock-24-Apr-24
red rock,2024-04-24,2024-04-01,Emperorfish,Mesopredator,Lethrinus spp.,1,2,10,5,red rock-24-Apr-24
red rock,2024-04-24,2024-04-01,Parrotfish,Herbivore,Scarus spp.,54,2,10,270,red rock-24-Apr-24
red rock,2024-04-24,2024-04-01,Rabbitfish,Herbivore,Siganus spp.,26,2,10,130,red rock-24-Apr-24
red rock,2024-04-24,2024-04-01,Red_Breast,Invertivore,Cheilinus fasciatus,8,2,10,40,red rock-24-Apr-24
red rock,2024-04-24,2024-04-01,Slingjaw,Invertivore,Epibulus insidiator,7,2,10,35,red rock-24-Apr-24
red rock,2024-04-24,2024-04-01,Squirrel.Soldier,Invertivore,Holocentridae spp.,3,2,10,15,red rock-24-Apr-24
red rock,2024-04-24,2024-04-01,Sweetlips,Invertivore,Diagramma/Plectorhinchus spp.,0,2,10,0,red rock-24-Apr-24
red rock,2024-04-24,2024-04-01,Thicklip,Invertivore,Hemigymnus melapterus,5,2,10,25,red rock-24-Apr-24
red rock,2024-04-24,2024-04-01,Trevally,HTLP,Caranx spp.,1,2,10,5,red rock-24-Apr-24
red rock,2024-04-24,2024-04-01,Triggerfish,Invertivore,Balistidae spp.,1,2,10,5,red rock-24-Apr-24
red rock,2024-04-24,2024-04-01,lrg_Grouper,HTLP,Epinephelus spp.,2,2,10,10,red rock-24-Apr-24
red rock,2024-04-24,2024-04-01,lrg_Snapper,HTLP,Lutjanus spp.,0,2,10,0,red rock-24-Apr-24
red rock,2024-04-24,2024-04-01,sml_Grouper,Mesopredator,Cephalopholis/Epinephelus spp.,41,2,10,205,red rock-24-Apr-24
red rock,2024-07-24,2024-07-01,Angelfish,Invertivore,Pomacanthus spp.,1,6,30,5,red rock-24-Jul-24
red rock,2024-07-24,2024-07-01,Butterflyfish,Herbivore,Chaetodon spp.,47,6,30,235,red rock-24-Jul-24
red rock,2024-07-24,2024-07-01,Cleaner_Wrasse,Invertivore,Labroides dimidiatus,5,6,30,25,red rock-24-Jul-24
red rock,2024-07-24,2024-07-01,Emperorfish,Mesopredator,Lethrinus spp.,2,6,30,10,red rock-24-Jul-24
red rock,2024-07-24,2024-07-01,Parrotfish,Herbivore,Scarus spp.,69,6,30,345,red rock-24-Jul-24
red rock,2024-07-24,2024-07-01,Rabbitfish,Herbivore,Siganus spp.,29,6,30,145,red rock-24-Jul-24
red rock,2024-07-24,2024-07-01,Red_Breast,Invertivore,Cheilinus fasciatus,14,6,30,70,red rock-24-Jul-24
red rock,2024-07-24,2024-07-01,Slingjaw,Invertivore,Epibulus insidiator,9,6,30,45,red rock-24-Jul-24
red rock,2024-07-24,2024-07-01,Squirrel.Soldier,Invertivore,Holocentridae spp.,9,6,30,45,red rock-24-Jul-24
red rock,2024-07-24,2024-07-01,Sweetlips,Invertivore,Diagramma/Plectorhinchus spp.,0,6,30,0,red rock-24-Jul-24
red rock,2024-07-24,2024-07-01,Thicklip,Invertivore,Hemigymnus melapterus,6,6,30,30,red rock-24-Jul-24
red rock,2024-07-24,2024-07-01,Trevally,HTLP,Caranx spp.,3,6,30,15,red rock-24-Jul-24
red rock,2024-07-24,2024-07-01,Triggerfish,Invertivore,Balistidae spp.,3,6,30,15,red rock-24-Jul-24
red rock,2024-07-24,2024-07-01,lrg_Grouper,HTLP,Epinephelus spp.,10,6,30,50,red rock-24-Jul-24
red rock,2024-07-24,2024-07-01,lrg_Snapper,HTLP,Lutjanus spp.,1,6,30,5,red rock-24-Jul-24
red rock,2024-07-24,2024-07-01,sml_Grouper,Mesopredator,Cephalopholis/Epinephelus spp.,62,6,30,310,red rock-24-Jul-24
red rock,2024-08-24,2024-08-01,Angelfish,Invertivore,Pomacanthus spp.,4,8,40,20,red rock-24-Aug-24
red rock,2024-08-24,2024-08-01,Butterflyfish,Herbivore,Chaetodon spp.,38,8,40,190,red rock-24-Aug-24
red rock,2024-08-24,2024-08-01,Cleaner_Wrasse,Invertivore,Labroides dimidiatus,8,8,40,40,red rock-24-Aug-24
red rock,2024-08-24,2024-08-01,Emperorfish,Mesopredator,Lethrinus spp.,4,8,40,20,red rock-24-Aug-24
red rock,2024-08-24,2024-08-01,Parrotfish,Herbivore,Scarus spp.,50,8,40,250,red rock-24-Aug-24
red rock,2024-08-24,2024-08-01,Rabbitfish,Herbivore,Siganus spp.,46,8,40,230,red rock-24-Aug-24
red rock,2024-08-24,2024-08-01,Red_Breast,Invertivore,Cheilinus fasciatus,12,8,40,60,red rock-24-Aug-24
red rock,2024-08-24,2024-08-01,Slingjaw,Invertivore,Epibulus insidiator,6,8,40,30,red rock-24-Aug-24
red rock,2024-08-24,2024-08-01,Squirrel.Soldier,Invertivore,Holocentridae spp.,15,8,40,75,red rock-24-Aug-24
red rock,2024-08-24,2024-08-01,Sweetlips,Invertivore,Diagramma/Plectorhinchus spp.,0,8,40,0,red rock-24-Aug-24
red rock,2024-08-24,2024-08-01,Thicklip,Invertivore,Hemigymnus melapterus,5,8,40,25,red rock-24-Aug-24
red rock,2024-08-24,2024-08-01,Trevally,HTLP,Caranx spp.,2,8,40,10,red rock-24-Aug-24
red rock,2024-08-24,2024-08-01,Triggerfish,Invertivore,Balistidae spp.,4,8,40,20,red rock-24-Aug-24
red rock,2024-08-24,2024-08-01,lrg_Grouper,HTLP,Epinephelus spp.,7,8,40,35,red rock-24-Aug-24
red rock,2024-08-24,2024-08-01,lrg_Snapper,HTLP,Lutjanus spp.,0,8,40,0,red rock-24-Aug-24
red rock,2024-08-24,2024-08-01,sml_Grouper,Mesopredator,Cephalopholis/Epinephelus spp.,59,8,40,295,red rock-24-Aug-24
red rock,2024-09-01,2024-09-01,Angelfish,Invertivore,Pomacanthus spp.,2,7,35,10,red rock-01-Sep-24
red rock,2024-09-01,2024-09-01,Butterflyfish,Herbivore,Chaetodon spp.,55,7,35,275,red rock-01-Sep-24
red rock,2024-09-01,2024-09-01,Cleaner_Wrasse,Invertivore,Labroides dimidiatus,7,7,35,35,red rock-01-Sep-24
red rock,2024-09-01,2024-09-01,Emperorfish,Mesopredator,Lethrinus spp.,1,7,35,5,red rock-01-Sep-24
red rock,2024-09-01,2024-09-01,Parrotfish,Herbivore,Scarus spp.,54,7,35,270,red rock-01-Sep-24
red rock,2024-09-01,2024-09-01,Rabbitfish,Herbivore,Siganus spp.,37,7,35,185,red rock-01-Sep-24
red rock,2024-09-01,2024-09-01,Red_Breast,Invertivore,Cheilinus fasciatus,11,7,35,55,red rock-01-Sep-24
red rock,2024-09-01,2024-09-01,Slingjaw,Invertivore,Epibulus insidiator,5,7,35,25,red rock-01-Sep-24
red rock,2024-09-01,2024-09-01,Squirrel.Soldier,Invertivore,Holocentridae spp.,4,7,35,20,red rock-01-Sep-24
red rock,2024-09-01,2024-09-01,Sweetlips,Invertivore,Diagramma/Plectorhinchus spp.,1,7,35,5,red rock-01-Sep-24
red rock,2024-09-01,2024-09-01,Thicklip,Invertivore,Hemigymnus melapterus,5,7,35,25,red rock-01-Sep-24
red rock,2024-09-01,2024-09-01,Trevally,HTLP,Caranx spp.,4,7,35,20,red rock-01-Sep-24
red rock,2024-09-01,2024-09-01,Triggerfish,Invertivore,Balistidae spp.,2,7,35,10,red rock-01-Sep-24
red rock,2024-09-01,2024-09-01,lrg_Grouper,HTLP,Epinephelus spp.,7,7,35,35,red rock-01-Sep-24
red rock,2024-09-01,2024-09-01,lrg_Snapper,HTLP,Lutjanus spp.,0,7,35,0,red rock-01-Sep-24
red rock,2024-09-01,2024-09-01,sml_Grouper,Mesopredator,Cephalopholis/Epinephelus spp.,75,7,35,375,red rock-01-Sep-24
red rock,2024-10-24,2024-10-01,Angelfish,Invertivore,Pomacanthus spp.,0,2,10,0,red rock-24-Oct-24
red rock,2024-10-24,2024-10-01,Butterflyfish,Herbivore,Chaetodon spp.,50,2,10,250,red rock-24-Oct-24
red rock,2024-10-24,2024-10-01,Cleaner_Wrasse,Invertivore,Labroides dimidiatus,16,2,10,80,red rock-24-Oct-24
red rock,2024-10-24,2024-10-01,Emperorfish,Mesopredator,Lethrinus spp.,3,2,10,15,red rock-24-Oct-24
red rock,2024-10-24,2024-10-01,Parrotfish,Herbivore,Scarus spp.,36,2,10,180,red rock-24-Oct-24
red rock,2024-10-24,2024-10-01,Rabbitfish,Herbivore,Siganus spp.,27,2,10,135,red rock-24-Oct-24
red rock,2024-10-24,2024-10-01,Red_Breast,Invertivore,Cheilinus fasciatus,15,2,10,75,red rock-24-Oct-24
red rock,2024-10-24,2024-10-01,Slingjaw,Invertivore,Epibulus insidiator,4,2,10,20,red rock-24-Oct-24
red rock,2024-10-24,2024-10-01,Squirrel.Soldier,Invertivore,Holocentridae spp.,11,2,10,55,red rock-24-Oct-24
red rock,2024-10-24,2024-10-01,Sweetlips,Invertivore,Diagramma/Plectorhinchus spp.,2,2,10,10,red rock-24-Oct-24
red rock,2024-10-24,2024-10-01,Thicklip,Invertivore,Hemigymnus melapterus,4,2,10,20,red rock-24-Oct-24
red rock,2024-10-24,2024-10-01,Trevally,HTLP,Caranx spp.,3,2,10,15,red rock-24-Oct-24
red rock,2024-10-24,2024-10-01,Triggerfish,Invertivore,Balistidae spp.,1,2,10,5,red rock-24-Oct-24
red rock,2024-10-24,2024-10-01,lrg_Grouper,HTLP,Epinephelus spp.,1,2,10,5,red rock-24-Oct-24
red rock,2024-10-24,2024-10-01,lrg_Snapper,HTLP,Lutjanus spp.,1,2,10,5,red rock-24-Oct-24
red rock,2024-10-24,2024-10-01,sml_Grouper,Mesopredator,Cephalopholis/Epinephelus spp.,57,2,10,285,red rock-24-Oct-24
red rock,2025-01-29,2025-01-01,Angelfish,Invertivore,Pomacanthus spp.,1,4,20,5,red rock-29-Jan-25
red rock,2025-01-29,2025-01-01,Butterflyfish,Herbivore,Chaetodon spp.,41,4,20,205,red rock-29-Jan-25
red rock,2025-01-29,2025-01-01,Cleaner_Wrasse,Invertivore,Labroides dimidiatus,5,4,20,25,red rock-29-Jan-25
red rock,2025-01-29,2025-01-01,Emperorfish,Mesopredator,Lethrinus spp.,0,4,20,0,red rock-29-Jan-25
red rock,2025-01-29,2025-01-01,Parrotfish,Herbivore,Scarus spp.,23,4,20,115,red rock-29-Jan-25
red rock,2025-01-29,2025-01-01,Rabbitfish,Herbivore,Siganus spp.,25,4,20,125,red rock-29-Jan-25
red rock,2025-01-29,2025-01-01,Red_Breast,Invertivore,Cheilinus fasciatus,8,4,20,40,red rock-29-Jan-25
red rock,2025-01-29,2025-01-01,Slingjaw,Invertivore,Epibulus insidiator,3,4,20,15,red rock-29-Jan-25
red rock,2025-01-29,2025-01-01,Squirrel.Soldier,Invertivore,Holocentridae spp.,27,4,20,135,red rock-29-Jan-25
red rock,2025-01-29,2025-01-01,Sweetlips,Invertivore,Diagramma/Plectorhinchus spp.,0,4,20,0,red rock-29-Jan-25
red rock,2025-01-29,2025-01-01,Thicklip,Invertivore,Hemigymnus melapterus,3,4,20,15,red rock-29-Jan-25
red rock,2025-01-29,2025-01-01,Trevally,HTLP,Caranx spp.,1,4,20,5,red rock-29-Jan-25
red rock,2025-01-29,2025-01-01,Triggerfish,Invertivore,Balistidae spp.,2,4,20,10,red rock-29-Jan-25
red rock,2025-01-29,2025-01-01,lrg_Grouper,HTLP,Epinephelus spp.,7,4,20,35,red rock-29-Jan-25
red rock,2025-01-29,2025-01-01,lrg_Snapper,HTLP,Lutjanus spp.,0,4,20,0,red rock-29-Jan-25
red rock,2025-01-29,2025-01-01,sml_Grouper,Mesopredator,Cephalopholis/Epinephelus spp.,56,4,20,280,red rock-29-Jan-25
red rock,2025-02-12,2025-02-01,Angelfish,Invertivore,Pomacanthus spp.,2,5,25,10,red rock-12-Feb-25
red rock,2025-02-12,2025-02-01,Butterflyfish,Herbivore,Chaetodon spp.,70,5,25,350,red rock-12-Feb-25
red rock,2025-02-12,2025-02-01,Cleaner_Wrasse,Invertivore,Labroides dimidiatus,3,5,25,15,red rock-12-Feb-25
red rock,2025-02-12,2025-02-01,Emperorfish,Mesopredator,Lethrinus spp.,1,5,25,5,red rock-12-Feb-25
red rock,2025-02-12,2025-02-01,Parrotfish,Herbivore,Scarus spp.,109,5,25,545,red rock-12-Feb-25
red rock,2025-02-12,2025-02-01,Rabbitfish,Herbivore,Siganus spp.,56,5,25,280,red rock-12-Feb-25
red rock,2025-02-12,2025-02-01,Red_Breast,Invertivore,Cheilinus fasciatus,6,5,25,30,red rock-12-Feb-25
red rock,2025-02-12,2025-02-01,Slingjaw,Invertivore,Epibulus insidiator,5,5,25,25,red rock-12-Feb-25
red rock,2025-02-12,2025-02-01,Squirrel.Soldier,Invertivore,Holocentridae spp.,5,5,25,25,red rock-12-Feb-25
red rock,2025-02-12,2025-02-01,Sweetlips,Invertivore,Diagramma/Plectorhinchus spp.,0,5,25,0,red rock-12-Feb-25
red rock,2025-02-12,2025-02-01,Thicklip,Invertivore,Hemigymnus melapterus,7,5,25,35,red rock-12-Feb-25
red rock,2025-02-12,2025-02-01,Trevally,HTLP,Caranx spp.,12,5,25,60,red rock-12-Feb-25
red rock,2025-02-12,2025-02-01,Triggerfish,Invertivore,Balistidae spp.,6,5,25,30,red rock-12-Feb-25
red rock,2025-02-12,2025-02-01,lrg_Grouper,HTLP,Epinephelus spp.,6,5,25,30,red rock-12-Feb-25
red rock,2025-02-12,2025-02-01,lrg_Snapper,HTLP,Lutjanus spp.,1,5,25,5,red rock-12-Feb-25
red rock,2025-02-12,2025-02-01,sml_Grouper,Mesopredator,Cephalopholis/Epinephelus spp.,19,5,25,95,red rock-12-Feb-25
red rock,2025-04-08,2025-04-01,Angelfish,Invertivore,Pomacanthus spp.,4,5,25,20,red rock-08-Apr-25
red rock,2025-04-08,2025-04-01,Butterflyfish,Herbivore,Chaetodon spp.,55,5,25,275,red rock-08-Apr-25
red rock,2025-04-08,2025-04-01,Cleaner_Wrasse,Invertivore,Labroides dimidiatus,6,5,25,30,red rock-08-Apr-25
red rock,2025-04-08,2025-04-01,Emperorfish,Mesopredator,Lethrinus spp.,2,5,25,10,red rock-08-Apr-25
red rock,2025-04-08,2025-04-01,Parrotfish,Herbivore,Scarus spp.,61,5,25,305,red rock-08-Apr-25
red rock,2025-04-08,2025-04-01,Rabbitfish,Herbivore,Siganus spp.,56,5,25,280,red rock-08-Apr-25
red rock,2025-04-08,2025-04-01,Red_Breast,Invertivore,Cheilinus fasciatus,14,5,25,70,red rock-08-Apr-25
red rock,2025-04-08,2025-04-01,Slingjaw,Invertivore,Epibulus insidiator,10,5,25,50,red rock-08-Apr-25
red rock,2025-04-08,2025-04-01,Squirrel.Soldier,Invertivore,Holocentridae spp.,25,5,25,125,red rock-08-Apr-25
red rock,2025-04-08,2025-04-01,Sweetlips,Invertivore,Diagramma/Plectorhinchus spp.,1,5,25,5,red rock-08-Apr-25
red rock,2025-04-08,2025-04-01,Thicklip,Invertivore,Hemigymnus melapterus,9,5,25,45,red rock-08-Apr-25
red rock,2025-04-08,2025-04-01,Trevally,HTLP,Caranx spp.,8,5,25,40,red rock-08-Apr-25
red rock,2025-04-08,2025-04-01,Triggerfish,Invertivore,Balistidae spp.,1,5,25,5,red rock-08-Apr-25
red rock,2025-04-08,2025-04-01,lrg_Grouper,HTLP,Epinephelus spp.,6,5,25,30,red rock-08-Apr-25
red rock,2025-04-08,2025-04-01,lrg_Snapper,HTLP,Lutjanus spp.,3,5,25,15,red rock-08-Apr-25
red rock,2025-04-08,2025-04-01,sml_Grouper,Mesopredator,Cephalopholis/Epinephelus spp.,43,5,25,215,red rock-08-Apr-25
red rock,2025-05-21,2025-05-01,Angelfish,Invertivore,Pomacanthus spp.,5,7,35,25,red rock-21-May-25
red rock,2025-05-21,2025-05-01,Butterflyfish,Herbivore,Chaetodon spp.,62,7,35,310,red rock-21-May-25
red rock,2025-05-21,2025-05-01,Cleaner_Wrasse,Invertivore,Labroides dimidiatus,13,7,35,65,red rock-21-May-25
red rock,2025-05-21,2025-05-01,Emperorfish,Mesopredator,Lethrinus spp.,6,7,35,30,red rock-21-May-25
red rock,2025-05-21,2025-05-01,Parrotfish,Herbivore,Scarus spp.,87,7,35,435,red rock-21-May-25
red rock,2025-05-21,2025-05-01,Rabbitfish,Herbivore,Siganus spp.,55,7,35,275,red rock-21-May-25
red rock,2025-05-21,2025-05-01,Red_Breast,Invertivore,Cheilinus fasciatus,21,7,35,105,red rock-21-May-25
red rock,2025-05-21,2025-05-01,Slingjaw,Invertivore,Epibulus insidiator,8,7,35,40,red rock-21-May-25
red rock,2025-05-21,2025-05-01,Squirrel.Soldier,Invertivore,Holocentridae spp.,8,7,35,40,red rock-21-May-25
red rock,2025-05-21,2025-05-01,Sweetlips,Invertivore,Diagramma/Plectorhinchus spp.,1,7,35,5,red rock-21-May-25
red rock,2025-05-21,2025-05-01,Thicklip,Invertivore,Hemigymnus melapterus,8,7,35,40,red rock-21-May-25
red rock,2025-05-21,2025-05-01,Trevally,HTLP,Caranx spp.,4,7,35,20,red rock-21-May-25
red rock,2025-05-21,2025-05-01,Triggerfish,Invertivore,Balistidae spp.,4,7,35,20,red rock-21-May-25
red rock,2025-05-21,2025-05-01,lrg_Grouper,HTLP,Epinephelus spp.,2,7,35,10,red rock-21-May-25
red rock,2025-05-21,2025-05-01,lrg_Snapper,HTLP,Lutjanus spp.,0,7,35,0,red rock-21-May-25
red rock,2025-05-21,2025-05-01,sml_Grouper,Mesopredator,Cephalopholis/Epinephelus spp.,59,7,35,295,red rock-21-May-25
shark island,2025-02-18,2025-02-01,Angelfish,Invertivore,Pomacanthus spp.,6,1,5,30,shark island-18-Feb-25
shark island,2025-02-18,2025-02-01,Butterflyfish,Herbivore,Chaetodon spp.,45,1,5,225,shark island-18-Feb-25
shark island,2025-02-18,2025-02-01,Cleaner_Wrasse,Invertivore,Labroides dimidiatus,10,1,5,50,shark island-18-Feb-25
shark island,2025-02-18,2025-02-01,Emperorfish,Mesopredator,Lethrinus spp.,5,1,5,25,shark island-18-Feb-25
shark island,2025-02-18,2025-02-01,Parrotfish,Herbivore,Scarus spp.,20,1,5,100,shark island-18-Feb-25
shark island,2025-02-18,2025-02-01,Rabbitfish,Herbivore,Siganus spp.,35,1,5,175,shark island-18-Feb-25
shark island,2025-02-18,2025-02-01,Red_Breast,Invertivore,Cheilinus fasciatus,4,1,5,20,shark island-18-Feb-25
shark island,2025-02-18,2025-02-01,Slingjaw,Invertivore,Epibulus insidiator,4,1,5,20,shark island-18-Feb-25
shark island,2025-02-18,2025-02-01,Squirrel.Soldier,Invertivore,Holocentridae spp.,49,1,5,245,shark island-18-Feb-25
shark island,2025-02-18,2025-02-01,Sweetlips,Invertivore,Diagramma/Plectorhinchus spp.,0,1,5,0,shark island-18-Feb-25
shark island,2025-02-18,2025-02-01,Thicklip,Invertivore,Hemigymnus melapterus,3,1,5,15,shark island-18-Feb-25
shark island,2025-02-18,2025-02-01,Trevally,HTLP,Caranx spp.,4,1,5,20,shark island-18-Feb-25
shark island,2025-02-18,2025-02-01,Triggerfish,Invertivore,Balistidae spp.,2,1,5,10,shark island-18-Feb-25
shark island,2025-02-18,2025-02-01,lrg_Grouper,HTLP,Epinephelus spp.,4,1,5,20,shark island-18-Feb-25
shark island,2025-02-18,2025-02-01,lrg_Snapper,HTLP,Lutjanus spp.,2,1,5,10,shark island-18-Feb-25
shark island,2025-02-18,2025-02-01,sml_Grouper,Mesopredator,Cephalopholis/Epinephelus spp.,67,1,5,335,shark island-18-Feb-25
shark island,2025-03-21,2025-03-01,Angelfish,Invertivore,Pomacanthus spp.,0,2,10,0,shark island-21-Mar-25
shark island,2025-03-21,2025-03-01,Butterflyfish,Herbivore,Chaetodon spp.,54,2,10,270,shark island-21-Mar-25
shark island,2025-03-21,2025-03-01,Cleaner_Wrasse,Invertivore,Labroides dimidiatus,31,2,10,155,shark island-21-Mar-25
shark island,2025-03-21,2025-03-01,Emperorfish,Mesopredator,Lethrinus spp.,6,2,10,30,shark island-21-Mar-25
shark island,2025-03-21,2025-03-01,Parrotfish,Herbivore,Scarus spp.,30,2,10,150,shark island-21-Mar-25
shark island,2025-03-21,2025-03-01,Rabbitfish,Herbivore,Siganus spp.,85,2,10,425,shark island-21-Mar-25
shark island,2025-03-21,2025-03-01,Red_Breast,Invertivore,Cheilinus fasciatus,3,2,10,15,shark island-21-Mar-25
shark island,2025-03-21,2025-03-01,Slingjaw,Invertivore,Epibulus insidiator,3,2,10,15,shark island-21-Mar-25
shark island,2025-03-21,2025-03-01,Squirrel.Soldier,Invertivore,Holocentridae spp.,8,2,10,40,shark island-21-Mar-25
shark island,2025-03-21,2025-03-01,Sweetlips,Invertivore,Diagramma/Plectorhinchus spp.,1,2,10,5,shark island-21-Mar-25
shark island,2025-03-21,2025-03-01,Thicklip,Invertivore,Hemigymnus melapterus,15,2,10,75,shark island-21-Mar-25
shark island,2025-03-21,2025-03-01,Trevally,HTLP,Caranx spp.,32,2,10,160,shark island-21-Mar-25
shark island,2025-03-21,2025-03-01,Triggerfish,Invertivore,Balistidae spp.,2,2,10,10,shark island-21-Mar-25
shark island,2025-03-21,2025-03-01,lrg_Grouper,HTLP,Epinephelus spp.,10,2,10,50,shark island-21-Mar-25
shark island,2025-03-21,2025-03-01,lrg_Snapper,HTLP,Lutjanus spp.,0,2,10,0,shark island-21-Mar-25
shark island,2025-03-21,2025-03-01,sml_Grouper,Mesopredator,Cephalopholis/Epinephelus spp.,43,2,10,215,shark island-21-Mar-25
shark island,2025-03-25,2025-03-01,Angelfish,Invertivore,Pomacanthus spp.,9,2,10,45,shark island-25-Mar-25
shark island,2025-03-25,2025-03-01,Butterflyfish,Herbivore,Chaetodon spp.,88,2,10,440,shark island-25-Mar-25
shark island,2025-03-25,2025-03-01,Cleaner_Wrasse,Invertivore,Labroides dimidiatus,13,2,10,65,shark island-25-Mar-25
shark island,2025-03-25,2025-03-01,Emperorfish,Mesopredator,Lethrinus spp.,1,2,10,5,shark island-25-Mar-25
shark island,2025-03-25,2025-03-01,Parrotfish,Herbivore,Scarus spp.,13,2,10,65,shark island-25-Mar-25
shark island,2025-03-25,2025-03-01,Rabbitfish,Herbivore,Siganus spp.,33,2,10,165,shark island-25-Mar-25
shark island,2025-03-25,2025-03-01,Red_Breast,Invertivore,Cheilinus fasciatus,1,2,10,5,shark island-25-Mar-25
shark island,2025-03-25,2025-03-01,Slingjaw,Invertivore,Epibulus insidiator,1,2,10,5,shark island-25-Mar-25
shark island,2025-03-25,2025-03-01,Squirrel.Soldier,Invertivore,Holocentridae spp.,148,2,10,740,shark island-25-Mar-25
shark island,2025-03-25,2025-03-01,Sweetlips,Invertivore,Diagramma/Plectorhinchus spp.,1,2,10,5,shark island-25-Mar-25
shark island,2025-03-25,2025-03-01,Thicklip,Invertivore,Hemigymnus melapterus,3,2,10,15,shark island-25-Mar-25
shark island,2025-03-25,2025-03-01,Trevally,HTLP,Caranx spp.,10,2,10,50,shark island-25-Mar-25
shark island,2025-03-25,2025-03-01,Triggerfish,Invertivore,Balistidae spp.,2,2,10,10,shark island-25-Mar-25
shark island,2025-03-25,2025-03-01,lrg_Grouper,HTLP,Epinephelus spp.,22,2,10,110,shark island-25-Mar-25
shark island,2025-03-25,2025-03-01,lrg_Snapper,HTLP,Lutjanus spp.,4,2,10,20,shark island-25-Mar-25
shark island,2025-03-25,2025-03-01,sml_Grouper,Mesopredator,Cephalopholis/Epinephelus spp.,70,2,10,350,shark island-25-Mar-25
shark island,2025-04-02,2025-04-01,Angelfish,Invertivore,Pomacanthus spp.,13,2,10,65,shark island-02-Apr-25
shark island,2025-04-02,2025-04-01,Butterflyfish,Herbivore,Chaetodon spp.,80,2,10,400,shark island-02-Apr-25
shark island,2025-04-02,2025-04-01,Cleaner_Wrasse,Invertivore,Labroides dimidiatus,23,2,10,115,shark island-02-Apr-25
shark island,2025-04-02,2025-04-01,Emperorfish,Mesopredator,Lethrinus spp.,16,2,10,80,shark island-02-Apr-25
shark island,2025-04-02,2025-04-01,Parrotfish,Herbivore,Scarus spp.,26,2,10,130,shark island-02-Apr-25
shark island,2025-04-02,2025-04-01,Rabbitfish,Herbivore,Siganus spp.,48,2,10,240,shark island-02-Apr-25
shark island,2025-04-02,2025-04-01,Red_Breast,Invertivore,Cheilinus fasciatus,6,2,10,30,shark island-02-Apr-25
shark island,2025-04-02,2025-04-01,Slingjaw,Invertivore,Epibulus insidiator,5,2,10,25,shark island-02-Apr-25
shark island,2025-04-02,2025-04-01,Squirrel.Soldier,Invertivore,Holocentridae spp.,16,2,10,80,shark island-02-Apr-25
shark island,2025-04-02,2025-04-01,Sweetlips,Invertivore,Diagramma/Plectorhinchus spp.,4,2,10,20,shark island-02-Apr-25
shark island,2025-04-02,2025-04-01,Thicklip,Invertivore,Hemigymnus melapterus,10,2,10,50,shark island-02-Apr-25
shark island,2025-04-02,2025-04-01,Trevally,HTLP,Caranx spp.,64,2,10,320,shark island-02-Apr-25
shark island,2025-04-02,2025-04-01,Triggerfish,Invertivore,Balistidae spp.,0,2,10,0,shark island-02-Apr-25
shark island,2025-04-02,2025-04-01,lrg_Grouper,HTLP,Epinephelus spp.,16,2,10,80,shark island-02-Apr-25
shark island,2025-04-02,2025-04-01,lrg_Snapper,HTLP,Lutjanus spp.,2,2,10,10,shark island-02-Apr-25
shark island,2025-04-02,2025-04-01,sml_Grouper,Mesopredator,Cephalopholis/Epinephelus spp.,51,2,10,255,shark island-02-Apr-25
shark island,2025-04-07,2025-04-01,Angelfish,Invertivore,Pomacanthus spp.,3,2,10,15,shark island-07-Apr-25
shark island,2025-04-07,2025-04-01,Butterflyfish,Herbivore,Chaetodon spp.,52,2,10,260,shark island-07-Apr-25
shark island,2025-04-07,2025-04-01,Cleaner_Wrasse,Invertivore,Labroides dimidiatus,8,2,10,40,shark island-07-Apr-25
shark island,2025-04-07,2025-04-01,Emperorfish,Mesopredator,Lethrinus spp.,11,2,10,55,shark island-07-Apr-25
shark island,2025-04-07,2025-04-01,Parrotfish,Herbivore,Scarus spp.,15,2,10,75,shark island-07-Apr-25
shark island,2025-04-07,2025-04-01,Rabbitfish,Herbivore,Siganus spp.,60,2,10,300,shark island-07-Apr-25
shark island,2025-04-07,2025-04-01,Red_Breast,Invertivore,Cheilinus fasciatus,2,2,10,10,shark island-07-Apr-25
shark island,2025-04-07,2025-04-01,Slingjaw,Invertivore,Epibulus insidiator,1,2,10,5,shark island-07-Apr-25
shark island,2025-04-07,2025-04-01,Squirrel.Soldier,Invertivore,Holocentridae spp.,56,2,10,280,shark island-07-Apr-25
shark island,2025-04-07,2025-04-01,Sweetlips,Invertivore,Diagramma/Plectorhinchus spp.,1,2,10,5,shark island-07-Apr-25
shark island,2025-04-07,2025-04-01,Thicklip,Invertivore,Hemigymnus melapterus,4,2,10,20,shark island-07-Apr-25
shark island,2025-04-07,2025-04-01,Trevally,HTLP,Caranx spp.,40,2,10,200,shark island-07-Apr-25
shark island,2025-04-07,2025-04-01,Triggerfish,Invertivore,Balistidae spp.,1,2,10,5,shark island-07-Apr-25
shark island,2025-04-07,2025-04-01,lrg_Grouper,HTLP,Epinephelus spp.,6,2,10,30,shark island-07-Apr-25
shark island,2025-04-07,2025-04-01,lrg_Snapper,HTLP,Lutjanus spp.,1,2,10,5,shark island-07-Apr-25
shark island,2025-04-07,2025-04-01,sml_Grouper,Mesopredator,Cephalopholis/Epinephelus spp.,25,2,10,125,shark island-07-Apr-25
shark island,2025-04-29,2025-04-01,Angelfish,Invertivore,Pomacanthus spp.,7,2,10,35,shark island-29-Apr-25
shark island,2025-04-29,2025-04-01,Butterflyfish,Herbivore,Chaetodon spp.,48,2,10,240,shark island-29-Apr-25
shark island,2025-04-29,2025-04-01,Cleaner_Wrasse,Invertivore,Labroides dimidiatus,24,2,10,120,shark island-29-Apr-25
shark island,2025-04-29,2025-04-01,Emperorfish,Mesopredator,Lethrinus spp.,32,2,10,160,shark island-29-Apr-25
shark island,2025-04-29,2025-04-01,Parrotfish,Herbivore,Scarus spp.,33,2,10,165,shark island-29-Apr-25
shark island,2025-04-29,2025-04-01,Rabbitfish,Herbivore,Siganus spp.,33,2,10,165,shark island-29-Apr-25
shark island,2025-04-29,2025-04-01,Red_Breast,Invertivore,Cheilinus fasciatus,5,2,10,25,shark island-29-Apr-25
shark island,2025-04-29,2025-04-01,Slingjaw,Invertivore,Epibulus insidiator,3,2,10,15,shark island-29-Apr-25
shark island,2025-04-29,2025-04-01,Squirrel.Soldier,Invertivore,Holocentridae spp.,1,2,10,5,shark island-29-Apr-25
shark island,2025-04-29,2025-04-01,Sweetlips,Invertivore,Diagramma/Plectorhinchus spp.,2,2,10,10,shark island-29-Apr-25
shark island,2025-04-29,2025-04-01,Thicklip,Invertivore,Hemigymnus melapterus,5,2,10,25,shark island-29-Apr-25
shark island,2025-04-29,2025-04-01,Trevally,HTLP,Caranx spp.,189,2,10,945,shark island-29-Apr-25
shark island,2025-04-29,2025-04-01,Triggerfish,Invertivore,Balistidae spp.,1,2,10,5,shark island-29-Apr-25
shark island,2025-04-29,2025-04-01,lrg_Grouper,HTLP,Epinephelus spp.,17,2,10,85,shark island-29-Apr-25
shark island,2025-04-29,2025-04-01,lrg_Snapper,HTLP,Lutjanus spp.,1,2,10,5,shark island-29-Apr-25
shark island,2025-04-29,2025-04-01,sml_Grouper,Mesopredator,Cephalopholis/Epinephelus spp.,27,2,10,135,shark island-29-Apr-25
shark island,2025-05-06,2025-05-01,Angelfish,Invertivore,Pomacanthus spp.,7,3,15,35,shark island-06-May-25
shark island,2025-05-06,2025-05-01,Butterflyfish,Herbivore,Chaetodon spp.,79,3,15,395,shark island-06-May-25
shark island,2025-05-06,2025-05-01,Cleaner_Wrasse,Invertivore,Labroides dimidiatus,21,3,15,105,shark island-06-May-25
shark island,2025-05-06,2025-05-01,Emperorfish,Mesopredator,Lethrinus spp.,19,3,15,95,shark island-06-May-25
shark island,2025-05-06,2025-05-01,Parrotfish,Herbivore,Scarus spp.,32,3,15,160,shark island-06-May-25
shark island,2025-05-06,2025-05-01,Rabbitfish,Herbivore,Siganus spp.,70,3,15,350,shark island-06-May-25
shark island,2025-05-06,2025-05-01,Red_Breast,Invertivore,Cheilinus fasciatus,7,3,15,35,shark island-06-May-25
shark island,2025-05-06,2025-05-01,Slingjaw,Invertivore,Epibulus insidiator,1,3,15,5,shark island-06-May-25
shark island,2025-05-06,2025-05-01,Squirrel.Soldier,Invertivore,Holocentridae spp.,6,3,15,30,shark island-06-May-25
shark island,2025-05-06,2025-05-01,Sweetlips,Invertivore,Diagramma/Plectorhinchus spp.,1,3,15,5,shark island-06-May-25
shark island,2025-05-06,2025-05-01,Thicklip,Invertivore,Hemigymnus melapterus,11,3,15,55,shark island-06-May-25
shark island,2025-05-06,2025-05-01,Trevally,HTLP,Caranx spp.,83,3,15,415,shark island-06-May-25
shark island,2025-05-06,2025-05-01,Triggerfish,Invertivore,Balistidae spp.,2,3,15,10,shark island-06-May-25
shark island,2025-05-06,2025-05-01,lrg_Grouper,HTLP,Epinephelus spp.,9,3,15,45,shark island-06-May-25
shark island,2025-05-06,2025-05-01,lrg_Snapper,HTLP,Lutjanus spp.,2,3,15,10,shark island-06-May-25
shark island,2025-05-06,2025-05-01,sml_Grouper,Mesopredator,Cephalopholis/Epinephelus spp.,60,3,15,300,shark island-06-May-25
twins wall,2025-01-04,2025-01-01,Angelfish,Invertivore,Pomacanthus spp.,5,6,30,25,twins wall-04-Jan-25
twins wall,2025-01-04,2025-01-01,Butterflyfish,Herbivore,Chaetodon spp.,65,6,30,325,twins wall-04-Jan-25
twins wall,2025-01-04,2025-01-01,Cleaner_Wrasse,Invertivore,Labroides dimidiatus,15,6,30,75,twins wall-04-Jan-25
twins wall,2025-01-04,2025-01-01,Emperorfish,Mesopredator,Lethrinus spp.,8,6,30,40,twins wall-04-Jan-25
twins wall,2025-01-04,2025-01-01,Parrotfish,Herbivore,Scarus spp.,96,6,30,480,twins wall-04-Jan-25
twins wall,2025-01-04,2025-01-01,Rabbitfish,Herbivore,Siganus spp.,59,6,30,295,twins wall-04-Jan-25
twins wall,2025-01-04,2025-01-01,Red_Breast,Invertivore,Cheilinus fasciatus,15,6,30,75,twins wall-04-Jan-25
twins wall,2025-01-04,2025-01-01,Slingjaw,Invertivore,Epibulus insidiator,9,6,30,45,twins wall-04-Jan-25
twins wall,2025-01-04,2025-01-01,Squirrel.Soldier,Invertivore,Holocentridae spp.,60,6,30,300,twins wall-04-Jan-25
twins wall,2025-01-04,2025-01-01,Sweetlips,Invertivore,Diagramma/Plectorhinchus spp.,0,6,30,0,twins wall-04-Jan-25
twins wall,2025-01-04,2025-01-01,Thicklip,Invertivore,Hemigymnus melapterus,14,6,30,70,twins wall-04-Jan-25
twins wall,2025-01-04,2025-01-01,Trevally,HTLP,Caranx spp.,3,6,30,15,twins wall-04-Jan-25
twins wall,2025-01-04,2025-01-01,Triggerfish,Invertivore,Balistidae spp.,5,6,30,25,twins wall-04-Jan-25
twins wall,2025-01-04,2025-01-01,lrg_Grouper,HTLP,Epinephelus spp.,11,6,30,55,twins wall-04-Jan-25
twins wall,2025-01-04,2025-01-01,lrg_Snapper,HTLP,Lutjanus spp.,0,6,30,0,twins wall-04-Jan-25
twins wall,2025-01-04,2025-01-01,sml_Grouper,Mesopredator,Cephalopholis/Epinephelus spp.,50,6,30,250,twins wall-04-Jan-25
twins wall,2025-02-12,2025-02-01,Angelfish,Invertivore,Pomacanthus spp.,5,5,25,25,twins wall-12-Feb-25
twins wall,2025-02-12,2025-02-01,Butterflyfish,Herbivore,Chaetodon spp.,33,5,25,165,twins wall-12-Feb-25
twins wall,2025-02-12,2025-02-01,Cleaner_Wrasse,Invertivore,Labroides dimidiatus,13,5,25,65,twins wall-12-Feb-25
twins wall,2025-02-12,2025-02-01,Emperorfish,Mesopredator,Lethrinus spp.,1,5,25,5,twins wall-12-Feb-25
twins wall,2025-02-12,2025-02-01,Parrotfish,Herbivore,Scarus spp.,95,5,25,475,twins wall-12-Feb-25
twins wall,2025-02-12,2025-02-01,Rabbitfish,Herbivore,Siganus spp.,52,5,25,260,twins wall-12-Feb-25
twins wall,2025-02-12,2025-02-01,Red_Breast,Invertivore,Cheilinus fasciatus,15,5,25,75,twins wall-12-Feb-25
twins wall,2025-02-12,2025-02-01,Slingjaw,Invertivore,Epibulus insidiator,5,5,25,25,twins wall-12-Feb-25
twins wall,2025-02-12,2025-02-01,Squirrel.Soldier,Invertivore,Holocentridae spp.,13,5,25,65,twins wall-12-Feb-25
twins wall,2025-02-12,2025-02-01,Sweetlips,Invertivore,Diagramma/Plectorhinchus spp.,1,5,25,5,twins wall-12-Feb-25
twins wall,2025-02-12,2025-02-01,Thicklip,Invertivore,Hemigymnus melapterus,15,5,25,75,twins wall-12-Feb-25
twins wall,2025-02-12,2025-02-01,Trevally,HTLP,Caranx spp.,3,5,25,15,twins wall-12-Feb-25
twins wall,2025-02-12,2025-02-01,Triggerfish,Invertivore,Balistidae spp.,2,5,25,10,twins wall-12-Feb-25
twins wall,2025-02-12,2025-02-01,lrg_Grouper,HTLP,Epinephelus spp.,4,5,25,20,twins wall-12-Feb-25
twins wall,2025-02-12,2025-02-01,lrg_Snapper,HTLP,Lutjanus spp.,3,5,25,15,twins wall-12-Feb-25
twins wall,2025-02-12,2025-02-01,sml_Grouper,Mesopredator,Cephalopholis/Epinephelus spp.,21,5,25,105,twins wall-12-Feb-25
twins wall,2025-03-04,2025-03-01,Angelfish,Invertivore,Pomacanthus spp.,1,4,20,5,twins wall-04-Mar-25
twins wall,2025-03-04,2025-03-01,Butterflyfish,Herbivore,Chaetodon spp.,46,4,20,230,twins wall-04-Mar-25
twins wall,2025-03-04,2025-03-01,Cleaner_Wrasse,Invertivore,Labroides dimidiatus,21,4,20,105,twins wall-04-Mar-25
twins wall,2025-03-04,2025-03-01,Emperorfish,Mesopredator,Lethrinus spp.,3,4,20,15,twins wall-04-Mar-25
twins wall,2025-03-04,2025-03-01,Parrotfish,Herbivore,Scarus spp.,70,4,20,350,twins wall-04-Mar-25
twins wall,2025-03-04,2025-03-01,Rabbitfish,Herbivore,Siganus spp.,68,4,20,340,twins wall-04-Mar-25
twins wall,2025-03-04,2025-03-01,Red_Breast,Invertivore,Cheilinus fasciatus,8,4,20,40,twins wall-04-Mar-25
twins wall,2025-03-04,2025-03-01,Slingjaw,Invertivore,Epibulus insidiator,5,4,20,25,twins wall-04-Mar-25
twins wall,2025-03-04,2025-03-01,Squirrel.Soldier,Invertivore,Holocentridae spp.,29,4,20,145,twins wall-04-Mar-25
twins wall,2025-03-04,2025-03-01,Sweetlips,Invertivore,Diagramma/Plectorhinchus spp.,0,4,20,0,twins wall-04-Mar-25
twins wall,2025-03-04,2025-03-01,Thicklip,Invertivore,Hemigymnus melapterus,7,4,20,35,twins wall-04-Mar-25
twins wall,2025-03-04,2025-03-01,Trevally,HTLP,Caranx spp.,1,4,20,5,twins wall-04-Mar-25
twins wall,2025-03-04,2025-03-01,Triggerfish,Invertivore,Balistidae spp.,1,4,20,5,twins wall-04-Mar-25
twins wall,2025-03-04,2025-03-01,lrg_Grouper,HTLP,Epinephelus spp.,5,4,20,25,twins wall-04-Mar-25
twins wall,2025-03-04,2025-03-01,lrg_Snapper,HTLP,Lutjanus spp.,0,4,20,0,twins wall-04-Mar-25
twins wall,2025-03-04,2025-03-01,sml_Grouper,Mesopredator,Cephalopholis/Epinephelus spp.,57,4,20,285,twins wall-04-Mar-25
twins wall,2025-03-24,2025-03-01,Angelfish,Invertivore,Pomacanthus spp.,3,4,20,15,twins wall-24-Mar-25
twins wall,2025-03-24,2025-03-01,Butterflyfish,Herbivore,Chaetodon spp.,46,4,20,230,twins wall-24-Mar-25
twins wall,2025-03-24,2025-03-01,Cleaner_Wrasse,Invertivore,Labroides dimidiatus,15,4,20,75,twins wall-24-Mar-25
twins wall,2025-03-24,2025-03-01,Emperorfish,Mesopredator,Lethrinus spp.,4,4,20,20,twins wall-24-Mar-25
twins wall,2025-03-24,2025-03-01,Parrotfish,Herbivore,Scarus spp.,65,4,20,325,twins wall-24-Mar-25
twins wall,2025-03-24,2025-03-01,Rabbitfish,Herbivore,Siganus spp.,36,4,20,180,twins wall-24-Mar-25
twins wall,2025-03-24,2025-03-01,Red_Breast,Invertivore,Cheilinus fasciatus,16,4,20,80,twins wall-24-Mar-25
twins wall,2025-03-24,2025-03-01,Slingjaw,Invertivore,Epibulus insidiator,6,4,20,30,twins wall-24-Mar-25
twins wall,2025-03-24,2025-03-01,Squirrel.Soldier,Invertivore,Holocentridae spp.,6,4,20,30,twins wall-24-Mar-25
twins wall,2025-03-24,2025-03-01,Sweetlips,Invertivore,Diagramma/Plectorhinchus spp.,0,4,20,0,twins wall-24-Mar-25
twins wall,2025-03-24,2025-03-01,Thicklip,Invertivore,Hemigymnus melapterus,10,4,20,50,twins wall-24-Mar-25
twins wall,2025-03-24,2025-03-01,Trevally,HTLP,Caranx spp.,7,4,20,35,twins wall-24-Mar-25
twins wall,2025-03-24,2025-03-01,Triggerfish,Invertivore,Balistidae spp.,4,4,20,20,twins wall-24-Mar-25
twins wall,2025-03-24,2025-03-01,lrg_Grouper,HTLP,Epinephelus spp.,8,4,20,40,twins wall-24-Mar-25
twins wall,2025-03-24,2025-03-01,lrg_Snapper,HTLP,Lutjanus spp.,0,4,20,0,twins wall-24-Mar-25
twins wall,2025-03-24,2025-03-01,sml_Grouper,Mesopredator,Cephalopholis/Epinephelus spp.,41,4,20,205,twins wall-24-Mar-25
twins wall,2025-04-07,2025-04-01,Angelfish,Invertivore,Pomacanthus spp.,0,3,15,0,twins wall-07-Apr-25
twins wall,2025-04-07,2025-04-01,Butterflyfish,Herbivore,Chaetodon spp.,19,3,15,95,twins wall-07-Apr-25
twins wall,2025-04-07,2025-04-01,Cleaner_Wrasse,Invertivore,Labroides dimidiatus,7,3,15,35,twins wall-07-Apr-25
twins wall,2025-04-07,2025-04-01,Emperorfish,Mesopredator,Lethrinus spp.,1,3,15,5,twins wall-07-Apr-25
twins wall,2025-04-07,2025-04-01,Parrotfish,Herbivore,Scarus spp.,35,3,15,175,twins wall-07-Apr-25
twins wall,2025-04-07,2025-04-01,Rabbitfish,Herbivore,Siganus spp.,18,3,15,90,twins wall-07-Apr-25
twins wall,2025-04-07,2025-04-01,Red_Breast,Invertivore,Cheilinus fasciatus,16,3,15,80,twins wall-07-Apr-25
twins wall,2025-04-07,2025-04-01,Slingjaw,Invertivore,Epibulus insidiator,3,3,15,15,twins wall-07-Apr-25
twins wall,2025-04-07,2025-04-01,Squirrel.Soldier,Invertivore,Holocentridae spp.,21,3,15,105,twins wall-07-Apr-25
twins wall,2025-04-07,2025-04-01,Sweetlips,Invertivore,Diagramma/Plectorhinchus spp.,1,3,15,5,twins wall-07-Apr-25
twins wall,2025-04-07,2025-04-01,Thicklip,Invertivore,Hemigymnus melapterus,2,3,15,10,twins wall-07-Apr-25
twins wall,2025-04-07,2025-04-01,Trevally,HTLP,Caranx spp.,5,3,15,25,twins wall-07-Apr-25
twins wall,2025-04-07,2025-04-01,Triggerfish,Invertivore,Balistidae spp.,2,3,15,10,twins wall-07-Apr-25
twins wall,2025-04-07,2025-04-01,lrg_Grouper,HTLP,Epinephelus spp.,4,3,15,20,twins wall-07-Apr-25
twins wall,2025-04-07,2025-04-01,lrg_Snapper,HTLP,Lutjanus spp.,0,3,15,0,twins wall-07-Apr-25
twins wall,2025-04-07,2025-04-01,sml_Grouper,Mesopredator,Cephalopholis/Epinephelus spp.,18,3,15,90,twins wall-07-Apr-25
twins wall,2025-04-22,2025-04-01,Angelfish,Invertivore,Pomacanthus spp.,0,3,15,0,twins wall-22-Apr-25
twins wall,2025-04-22,2025-04-01,Butterflyfish,Herbivore,Chaetodon spp.,27,3,15,135,twins wall-22-Apr-25
twins wall,2025-04-22,2025-04-01,Cleaner_Wrasse,Invertivore,Labroides dimidiatus,7,3,15,35,twins wall-22-Apr-25
twins wall,2025-04-22,2025-04-01,Emperorfish,Mesopredator,Lethrinus spp.,5,3,15,25,twins wall-22-Apr-25
twins wall,2025-04-22,2025-04-01,Parrotfish,Herbivore,Scarus spp.,74,3,15,370,twins wall-22-Apr-25
twins wall,2025-04-22,2025-04-01,Rabbitfish,Herbivore,Siganus spp.,47,3,15,235,twins wall-22-Apr-25
twins wall,2025-04-22,2025-04-01,Red_Breast,Invertivore,Cheilinus fasciatus,13,3,15,65,twins wall-22-Apr-25
twins wall,2025-04-22,2025-04-01,Slingjaw,Invertivore,Epibulus insidiator,4,3,15,20,twins wall-22-Apr-25
twins wall,2025-04-22,2025-04-01,Squirrel.Soldier,Invertivore,Holocentridae spp.,3,3,15,15,twins wall-22-Apr-25
twins wall,2025-04-22,2025-04-01,Sweetlips,Invertivore,Diagramma/Plectorhinchus spp.,3,3,15,15,twins wall-22-Apr-25
twins wall,2025-04-22,2025-04-01,Thicklip,Invertivore,Hemigymnus melapterus,7,3,15,35,twins wall-22-Apr-25
twins wall,2025-04-22,2025-04-01,Trevally,HTLP,Caranx spp.,4,3,15,20,twins wall-22-Apr-25
twins wall,2025-04-22,2025-04-01,Triggerfish,Invertivore,Balistidae spp.,2,3,15,10,twins wall-22-Apr-25
twins wall,2025-04-22,2025-04-01,lrg_Grouper,HTLP,Epinephelus spp.,1,3,15,5,twins wall-22-Apr-25
twins wall,2025-04-22,2025-04-01,lrg_Snapper,HTLP,Lutjanus spp.,0,3,15,0,twins wall-22-Apr-25
twins wall,2025-04-22,2025-04-01,sml_Grouper,Mesopredator,Cephalopholis/Epinephelus spp.,22,3,15,110,twins wall-22-Apr-25
